{
  "id" : "io.quarkus.platform:quarkus-qpid-jms-bom-quarkus-platform-descriptor:2.16.10.Final:json:2.16.10.Final",
  "platform" : true,
  "bom" : "io.quarkus.platform:quarkus-qpid-jms-bom::pom:2.16.10.Final",
  "quarkus-core-version" : "2.16.10.Final",
  "extensions" : [ {
    "name" : "AMQP 1.0 JMS client - Apache Qpid JMS",
    "description" : "Use JMS APIs with AMQP 1.0 servers such as ActiveMQ Artemis, ActiveMQ 5, Qpid Broker-J, Qpid Dispatch router, Azure Service Bus, and more",
    "metadata" : {
      "status" : "stable",
      "keywords" : [ "amqp", "qpid-jms", "qpid", "jms", "artemis" ],
      "guide" : "https://quarkus.io/guides/jms",
      "built-with-quarkus-core" : "2.16.7.Final",
      "minimum-java-version" : "11",
      "categories" : [ "messaging" ],
      "extension-dependencies" : [ "io.quarkus:quarkus-core", "io.quarkus:quarkus-arc", "io.quarkus:quarkus-netty" ]
    },
    "artifact" : "org.amqphub.quarkus:quarkus-qpid-jms::jar:0.45.0",
    "origins" : [ "io.quarkus.platform:quarkus-qpid-jms-bom-quarkus-platform-descriptor:2.16.10.Final:json:2.16.10.Final" ]
  } ],
  "categories" : [ {
    "id" : "integration",
    "name" : "Integration",
    "description" : "Connectors to read to write from a skew of systems (file, S#, Twitter, etc)",
    "metadata" : {
      "pinned" : [ "org.apache.camel.quarkus:camel-quarkus-core", "org.apache.camel.quarkus:camel-quarkus-core-xml" ]
    }
  }, {
    "id" : "business-automation",
    "name" : "Business Automation",
    "description" : "Rules engine, BPM, etc"
  } ],
  "metadata" : {
    "last-bom-update" : "io.quarkus.platform:quarkus-qpid-jms-bom:2.16.8.Final",
    "platform-release" : {
      "platform-key" : "io.quarkus.platform",
      "stream" : "2.16",
      "version" : "2.16.10.Final",
      "members" : [ "io.quarkus.platform:quarkus-bom-quarkus-platform-descriptor:2.16.10.Final:json:2.16.10.Final", "io.quarkus.platform:quarkus-drools-bom-quarkus-platform-descriptor:2.16.10.Final:json:2.16.10.Final", "io.quarkus.platform:quarkus-optaplanner-bom-quarkus-platform-descriptor:2.16.10.Final:json:2.16.10.Final", "io.quarkus.platform:quarkus-kogito-bom-quarkus-platform-descriptor:2.16.10.Final:json:2.16.10.Final", "io.quarkus.platform:quarkus-qpid-jms-bom-quarkus-platform-descriptor:2.16.10.Final:json:2.16.10.Final", "io.quarkus.platform:quarkus-cassandra-bom-quarkus-platform-descriptor:2.16.10.Final:json:2.16.10.Final", "io.quarkus.platform:quarkus-amazon-services-bom-quarkus-platform-descriptor:2.16.10.Final:json:2.16.10.Final", "io.quarkus.platform:quarkus-camel-bom-quarkus-platform-descriptor:2.16.10.Final:json:2.16.10.Final", "io.quarkus.platform:quarkus-hazelcast-client-quarkus-platform-descriptor:2.16.10.Final:json:2.16.10.Final", "io.quarkus.platform:quarkus-debezium-bom-quarkus-platform-descriptor:2.16.10.Final:json:2.16.10.Final", "io.quarkus.platform:quarkus-blaze-persistence-bom-quarkus-platform-descriptor:2.16.10.Final:json:2.16.10.Final", "io.quarkus.platform:quarkus-google-cloud-services-bom-quarkus-platform-descriptor:2.16.10.Final:json:2.16.10.Final", "io.quarkus.platform:quarkus-operator-sdk-bom-quarkus-platform-descriptor:2.16.10.Final:json:2.16.10.Final" ]
    }
  }
}