{
  "definitions": {
    "Loan": {
      "type": "object",
      "properties": {
        "baseLoanAmount": { "type": "number", "x-dmn-type": "FEEL:number" },
        "transaction": { "$ref": "#/definitions/Transaction" }
      },
      "x-dmn-type": "DMNType{ https://kiegroup.org/dmn/_D5C09393-48EC-41FB-AA30-ED6C0D2F5987 : Loan }"
    },
    "InputSet": {
      "required": ["loan"],
      "type": "object",
      "properties": { "loan": { "$ref": "#/definitions/Loan" } },
      "x-dmn-type": "DMNType{ https://kiegroup.org/dmn/_D5C09393-48EC-41FB-AA30-ED6C0D2F5987 : InputSet }",
      "x-dmn-descriptions": {}
    },
    "Transaction": {
      "type": "object",
      "properties": {
        "insuranceAmount": { "type": "number", "x-dmn-type": "FEEL:number" }
      },
      "x-dmn-type": "DMNType{ https://kiegroup.org/dmn/_D5C09393-48EC-41FB-AA30-ED6C0D2F5987 : Transaction }"
    },
    "OutputSet": {
      "type": "object",
      "properties": {
        "sumOperator": { "type": "number", "x-dmn-type": "FEEL:number" },
        "nnSumFunction": { "type": "number", "x-dmn-type": "FEEL:number" },
        "sumFunction": { "type": "number", "x-dmn-type": "FEEL:number" },
        "loan": { "$ref": "#/definitions/Loan" }
      },
      "x-dmn-type": "DMNType{ https://kiegroup.org/dmn/_D5C09393-48EC-41FB-AA30-ED6C0D2F5987 : OutputSet }",
      "x-dmn-descriptions": {}
    }
  },
  "$ref": "#/definitions/InputSet"
}
