{
  "id" : "io.quarkus.platform:quarkus-blaze-persistence-bom-quarkus-platform-descriptor:2.16.10.Final:json:2.16.10.Final",
  "platform" : true,
  "bom" : "io.quarkus.platform:quarkus-blaze-persistence-bom::pom:2.16.10.Final",
  "quarkus-core-version" : "2.16.10.Final",
  "extensions" : [ {
    "name" : "Blaze-Persistence",
    "description" : "Advanced SQL support for JPA and Entity-Views as efficient DTOs",
    "metadata" : {
      "capabilities" : {
        "provides" : [ "com.blazebit.persistence.integration.quarkus" ]
      },
      "status" : "stable",
      "built-with-quarkus-core" : "1.11.7.Final",
      "categories" : [ "data" ],
      "guide" : "https://quarkus.io/guides/blaze-persistence",
      "short-name" : "BP",
      "keywords" : [ "jpa", "hibernate", "blaze-persistence", "entity-view", "dto", "mapper", "sql" ],
      "extension-dependencies" : [ "io.quarkus:quarkus-core", "io.quarkus:quarkus-hibernate-orm", "io.quarkus:quarkus-agroal", "io.quarkus:quarkus-arc", "io.quarkus:quarkus-datasource", "io.quarkus:quarkus-narayana-jta", "io.quarkus:quarkus-mutiny", "io.quarkus:quarkus-smallrye-context-propagation", "io.quarkus:quarkus-caffeine" ]
    },
    "artifact" : "com.blazebit:blaze-persistence-integration-quarkus::jar:1.6.8",
    "origins" : [ "io.quarkus.platform:quarkus-blaze-persistence-bom-quarkus-platform-descriptor:2.16.10.Final:json:2.16.10.Final" ]
  } ],
  "categories" : [ {
    "id" : "integration",
    "name" : "Integration",
    "description" : "Connectors to read to write from a skew of systems (file, S#, Twitter, etc)",
    "metadata" : {
      "pinned" : [ "org.apache.camel.quarkus:camel-quarkus-core", "org.apache.camel.quarkus:camel-quarkus-core-xml" ]
    }
  }, {
    "id" : "business-automation",
    "name" : "Business Automation",
    "description" : "Rules engine, BPM, etc"
  } ],
  "metadata" : {
    "last-bom-update" : "io.quarkus.platform:quarkus-blaze-persistence-bom:2.15.0.CR1",
    "platform-release" : {
      "platform-key" : "io.quarkus.platform",
      "stream" : "2.16",
      "version" : "2.16.10.Final",
      "members" : [ "io.quarkus.platform:quarkus-bom-quarkus-platform-descriptor:2.16.10.Final:json:2.16.10.Final", "io.quarkus.platform:quarkus-drools-bom-quarkus-platform-descriptor:2.16.10.Final:json:2.16.10.Final", "io.quarkus.platform:quarkus-optaplanner-bom-quarkus-platform-descriptor:2.16.10.Final:json:2.16.10.Final", "io.quarkus.platform:quarkus-kogito-bom-quarkus-platform-descriptor:2.16.10.Final:json:2.16.10.Final", "io.quarkus.platform:quarkus-qpid-jms-bom-quarkus-platform-descriptor:2.16.10.Final:json:2.16.10.Final", "io.quarkus.platform:quarkus-cassandra-bom-quarkus-platform-descriptor:2.16.10.Final:json:2.16.10.Final", "io.quarkus.platform:quarkus-amazon-services-bom-quarkus-platform-descriptor:2.16.10.Final:json:2.16.10.Final", "io.quarkus.platform:quarkus-camel-bom-quarkus-platform-descriptor:2.16.10.Final:json:2.16.10.Final", "io.quarkus.platform:quarkus-hazelcast-client-quarkus-platform-descriptor:2.16.10.Final:json:2.16.10.Final", "io.quarkus.platform:quarkus-debezium-bom-quarkus-platform-descriptor:2.16.10.Final:json:2.16.10.Final", "io.quarkus.platform:quarkus-blaze-persistence-bom-quarkus-platform-descriptor:2.16.10.Final:json:2.16.10.Final", "io.quarkus.platform:quarkus-google-cloud-services-bom-quarkus-platform-descriptor:2.16.10.Final:json:2.16.10.Final", "io.quarkus.platform:quarkus-operator-sdk-bom-quarkus-platform-descriptor:2.16.10.Final:json:2.16.10.Final" ]
    }
  }
}