{
  "id" : "io.quarkus.platform:quarkus-amazon-services-bom-quarkus-platform-descriptor:2.16.9.Final:json:2.16.9.Final",
  "platform" : true,
  "bom" : "io.quarkus.platform:quarkus-amazon-services-bom::pom:2.16.9.Final",
  "quarkus-core-version" : "2.16.9.Final",
  "extensions" : [ {
    "name" : "Amazon Cognito User Pools",
    "description" : "Connect to Amazon Cognito User Pools service",
    "metadata" : {
      "scm-url" : "https://github.com/quarkiverse/quarkus-amazon-services",
      "built-with-quarkus-core" : "2.15.0.Final",
      "status" : "stable",
      "config" : [ "quarkus.cognito-user-pools." ],
      "extension-dependencies" : [ "io.quarkus:quarkus-core", "io.quarkus:quarkus-arc", "io.quarkus:quarkus-netty", "io.quarkiverse.amazonservices:quarkus-amazon-common" ],
      "keywords" : [ "cognito-user-pools", "cognitoidentityprovider", "cognito-identity-provider", "cognito-idp", "aws", "amazon" ],
      "guide" : "https://quarkus.io/guides/amazon-cognitouserpools",
      "categories" : [ "data" ]
    },
    "artifact" : "io.quarkiverse.amazonservices:quarkus-amazon-cognito-user-pools::jar:1.4.0",
    "origins" : [ "io.quarkus.platform:quarkus-amazon-services-bom-quarkus-platform-descriptor:2.16.9.Final:json:2.16.9.Final" ]
  }, {
    "name" : "Amazon Services Common",
    "description" : "Common components for Amazon Services",
    "metadata" : {
      "unlisted" : true,
      "scm-url" : "https://github.com/quarkiverse/quarkus-amazon-services",
      "built-with-quarkus-core" : "2.15.0.Final",
      "keywords" : [ "amazon services", "aws", "amazon" ],
      "status" : "stable",
      "extension-dependencies" : [ "io.quarkus:quarkus-core", "io.quarkus:quarkus-arc", "io.quarkus:quarkus-netty" ],
      "categories" : [ "data" ]
    },
    "artifact" : "io.quarkiverse.amazonservices:quarkus-amazon-common::jar:1.4.0",
    "origins" : [ "io.quarkus.platform:quarkus-amazon-services-bom-quarkus-platform-descriptor:2.16.9.Final:json:2.16.9.Final" ]
  }, {
    "name" : "Amazon DynamoDB Enhanced",
    "description" : "Connect to Amazon DynamoDB datastore",
    "metadata" : {
      "scm-url" : "https://github.com/quarkiverse/quarkus-amazon-services",
      "built-with-quarkus-core" : "2.15.0.Final",
      "guide" : "https://quarkiverse.github.io/quarkiverse-docs/quarkus-amazon-services/dev/amazon-dynamodb.html",
      "keywords" : [ "dynamodb enhanced", "enhanced", "dynamodb", "dynamo", "aws", "amazon" ],
      "status" : "stable",
      "extension-dependencies" : [ "io.quarkus:quarkus-core", "io.quarkus:quarkus-arc", "io.quarkus:quarkus-netty", "io.quarkiverse.amazonservices:quarkus-amazon-common", "io.quarkiverse.amazonservices:quarkus-amazon-dynamodb" ],
      "categories" : [ "data" ]
    },
    "artifact" : "io.quarkiverse.amazonservices:quarkus-amazon-dynamodb-enhanced::jar:1.4.0",
    "origins" : [ "io.quarkus.platform:quarkus-amazon-services-bom-quarkus-platform-descriptor:2.16.9.Final:json:2.16.9.Final" ]
  }, {
    "name" : "Amazon DynamoDB",
    "description" : "Connect to Amazon DynamoDB datastore",
    "metadata" : {
      "scm-url" : "https://github.com/quarkiverse/quarkus-amazon-services",
      "built-with-quarkus-core" : "2.15.0.Final",
      "status" : "stable",
      "config" : [ "quarkus.dynamodb." ],
      "extension-dependencies" : [ "io.quarkus:quarkus-core", "io.quarkus:quarkus-arc", "io.quarkus:quarkus-netty", "io.quarkiverse.amazonservices:quarkus-amazon-common" ],
      "keywords" : [ "dynamodb", "dynamo", "aws", "amazon" ],
      "guide" : "https://quarkiverse.github.io/quarkiverse-docs/quarkus-amazon-services/dev/amazon-dynamodb.html",
      "categories" : [ "data" ]
    },
    "artifact" : "io.quarkiverse.amazonservices:quarkus-amazon-dynamodb::jar:1.4.0",
    "origins" : [ "io.quarkus.platform:quarkus-amazon-services-bom-quarkus-platform-descriptor:2.16.9.Final:json:2.16.9.Final" ]
  }, {
    "name" : "Amazon IAM",
    "description" : "Connect to Amazon IAM",
    "metadata" : {
      "scm-url" : "https://github.com/quarkiverse/quarkus-amazon-services",
      "built-with-quarkus-core" : "2.15.0.Final",
      "status" : "stable",
      "config" : [ "quarkus.iam." ],
      "extension-dependencies" : [ "io.quarkus:quarkus-core", "io.quarkus:quarkus-arc", "io.quarkus:quarkus-netty", "io.quarkiverse.amazonservices:quarkus-amazon-common" ],
      "keywords" : [ "iam", "aws", "amazon" ],
      "guide" : "https://quarkiverse.github.io/quarkiverse-docs/quarkus-amazon-services/dev/amazon-iam.html",
      "categories" : [ "data" ]
    },
    "artifact" : "io.quarkiverse.amazonservices:quarkus-amazon-iam::jar:1.4.0",
    "origins" : [ "io.quarkus.platform:quarkus-amazon-services-bom-quarkus-platform-descriptor:2.16.9.Final:json:2.16.9.Final" ]
  }, {
    "name" : "Amazon KMS",
    "description" : "Connect to Amazon KMS",
    "metadata" : {
      "scm-url" : "https://github.com/quarkiverse/quarkus-amazon-services",
      "built-with-quarkus-core" : "2.15.0.Final",
      "status" : "stable",
      "config" : [ "quarkus.kms." ],
      "extension-dependencies" : [ "io.quarkus:quarkus-core", "io.quarkus:quarkus-arc", "io.quarkus:quarkus-netty", "io.quarkiverse.amazonservices:quarkus-amazon-common" ],
      "keywords" : [ "kms", "aws", "amazon" ],
      "guide" : "https://quarkiverse.github.io/quarkiverse-docs/quarkus-amazon-services/dev/amazon-kms.html",
      "categories" : [ "data" ]
    },
    "artifact" : "io.quarkiverse.amazonservices:quarkus-amazon-kms::jar:1.4.0",
    "origins" : [ "io.quarkus.platform:quarkus-amazon-services-bom-quarkus-platform-descriptor:2.16.9.Final:json:2.16.9.Final" ]
  }, {
    "name" : "Amazon S3",
    "description" : "Connect to Amazon S3 cloud storage",
    "metadata" : {
      "scm-url" : "https://github.com/quarkiverse/quarkus-amazon-services",
      "built-with-quarkus-core" : "2.15.0.Final",
      "status" : "stable",
      "config" : [ "quarkus.s3." ],
      "extension-dependencies" : [ "io.quarkus:quarkus-core", "io.quarkus:quarkus-arc", "io.quarkus:quarkus-netty", "io.quarkiverse.amazonservices:quarkus-amazon-common" ],
      "keywords" : [ "s3", "aws", "amazon" ],
      "guide" : "https://quarkiverse.github.io/quarkiverse-docs/quarkus-amazon-services/dev/amazon-s3.html",
      "categories" : [ "data" ]
    },
    "artifact" : "io.quarkiverse.amazonservices:quarkus-amazon-s3::jar:1.4.0",
    "origins" : [ "io.quarkus.platform:quarkus-amazon-services-bom-quarkus-platform-descriptor:2.16.9.Final:json:2.16.9.Final" ]
  }, {
    "name" : "Amazon Secrets Manager",
    "description" : "Connect to Amazon Secrets Manager",
    "metadata" : {
      "scm-url" : "https://github.com/quarkiverse/quarkus-amazon-services",
      "built-with-quarkus-core" : "2.15.0.Final",
      "status" : "preview",
      "config" : [ "quarkus.secretsmanager." ],
      "extension-dependencies" : [ "io.quarkus:quarkus-core", "io.quarkus:quarkus-arc", "io.quarkus:quarkus-netty", "io.quarkiverse.amazonservices:quarkus-amazon-common" ],
      "keywords" : [ "secretsmanager", "aws", "amazon" ],
      "guide" : "https://quarkiverse.github.io/quarkiverse-docs/quarkus-amazon-services/dev/amazon-secretsmanager.html",
      "categories" : [ "data" ]
    },
    "artifact" : "io.quarkiverse.amazonservices:quarkus-amazon-secretsmanager::jar:1.4.0",
    "origins" : [ "io.quarkus.platform:quarkus-amazon-services-bom-quarkus-platform-descriptor:2.16.9.Final:json:2.16.9.Final" ]
  }, {
    "name" : "Amazon SES",
    "description" : "Connect to Amazon SES",
    "metadata" : {
      "scm-url" : "https://github.com/quarkiverse/quarkus-amazon-services",
      "built-with-quarkus-core" : "2.15.0.Final",
      "status" : "stable",
      "config" : [ "quarkus.ses." ],
      "extension-dependencies" : [ "io.quarkus:quarkus-core", "io.quarkus:quarkus-arc", "io.quarkus:quarkus-netty", "io.quarkiverse.amazonservices:quarkus-amazon-common" ],
      "keywords" : [ "ses", "aws", "amazon" ],
      "guide" : "https://quarkiverse.github.io/quarkiverse-docs/quarkus-amazon-services/dev/amazon-ses.html",
      "categories" : [ "data" ]
    },
    "artifact" : "io.quarkiverse.amazonservices:quarkus-amazon-ses::jar:1.4.0",
    "origins" : [ "io.quarkus.platform:quarkus-amazon-services-bom-quarkus-platform-descriptor:2.16.9.Final:json:2.16.9.Final" ]
  }, {
    "name" : "Amazon SNS",
    "description" : "Connect to Amazon SNS pub/sub messaging service",
    "metadata" : {
      "scm-url" : "https://github.com/quarkiverse/quarkus-amazon-services",
      "built-with-quarkus-core" : "2.15.0.Final",
      "status" : "stable",
      "config" : [ "quarkus.sns." ],
      "extension-dependencies" : [ "io.quarkus:quarkus-core", "io.quarkus:quarkus-arc", "io.quarkus:quarkus-netty", "io.quarkiverse.amazonservices:quarkus-amazon-common" ],
      "keywords" : [ "sns", "aws", "amazon" ],
      "guide" : "https://quarkiverse.github.io/quarkiverse-docs/quarkus-amazon-services/dev/amazon-sns.html",
      "categories" : [ "data" ]
    },
    "artifact" : "io.quarkiverse.amazonservices:quarkus-amazon-sns::jar:1.4.0",
    "origins" : [ "io.quarkus.platform:quarkus-amazon-services-bom-quarkus-platform-descriptor:2.16.9.Final:json:2.16.9.Final" ]
  }, {
    "name" : "Amazon SQS",
    "description" : "Connect to Amazon SQS messaging queue service",
    "metadata" : {
      "scm-url" : "https://github.com/quarkiverse/quarkus-amazon-services",
      "built-with-quarkus-core" : "2.15.0.Final",
      "status" : "stable",
      "config" : [ "quarkus.sqs." ],
      "extension-dependencies" : [ "io.quarkus:quarkus-core", "io.quarkus:quarkus-arc", "io.quarkus:quarkus-netty", "io.quarkiverse.amazonservices:quarkus-amazon-common" ],
      "keywords" : [ "sqs", "aws", "amazon" ],
      "guide" : "https://quarkiverse.github.io/quarkiverse-docs/quarkus-amazon-services/dev/amazon-sqs.html",
      "categories" : [ "data" ]
    },
    "artifact" : "io.quarkiverse.amazonservices:quarkus-amazon-sqs::jar:1.4.0",
    "origins" : [ "io.quarkus.platform:quarkus-amazon-services-bom-quarkus-platform-descriptor:2.16.9.Final:json:2.16.9.Final" ]
  }, {
    "name" : "Amazon SSM",
    "description" : "Connect to Amazon SSM",
    "metadata" : {
      "scm-url" : "https://github.com/quarkiverse/quarkus-amazon-services",
      "built-with-quarkus-core" : "2.15.0.Final",
      "status" : "stable",
      "config" : [ "quarkus.ssm." ],
      "extension-dependencies" : [ "io.quarkus:quarkus-core", "io.quarkus:quarkus-arc", "io.quarkus:quarkus-netty", "io.quarkiverse.amazonservices:quarkus-amazon-common" ],
      "keywords" : [ "ssm", "aws", "amazon" ],
      "guide" : "https://quarkiverse.github.io/quarkiverse-docs/quarkus-amazon-services/dev/amazon-ssm.html",
      "categories" : [ "data" ]
    },
    "artifact" : "io.quarkiverse.amazonservices:quarkus-amazon-ssm::jar:1.4.0",
    "origins" : [ "io.quarkus.platform:quarkus-amazon-services-bom-quarkus-platform-descriptor:2.16.9.Final:json:2.16.9.Final" ]
  } ],
  "categories" : [ {
    "id" : "integration",
    "name" : "Integration",
    "description" : "Connectors to read to write from a skew of systems (file, S#, Twitter, etc)",
    "metadata" : {
      "pinned" : [ "org.apache.camel.quarkus:camel-quarkus-core", "org.apache.camel.quarkus:camel-quarkus-core-xml" ]
    }
  }, {
    "id" : "business-automation",
    "name" : "Business Automation",
    "description" : "Rules engine, BPM, etc"
  } ],
  "metadata" : {
    "last-bom-update" : "io.quarkus.platform:quarkus-amazon-services-bom:2.16.0.CR1",
    "platform-release" : {
      "platform-key" : "io.quarkus.platform",
      "stream" : "2.16",
      "version" : "2.16.9.Final",
      "members" : [ "io.quarkus.platform:quarkus-bom-quarkus-platform-descriptor:2.16.9.Final:json:2.16.9.Final", "io.quarkus.platform:quarkus-drools-bom-quarkus-platform-descriptor:2.16.9.Final:json:2.16.9.Final", "io.quarkus.platform:quarkus-optaplanner-bom-quarkus-platform-descriptor:2.16.9.Final:json:2.16.9.Final", "io.quarkus.platform:quarkus-kogito-bom-quarkus-platform-descriptor:2.16.9.Final:json:2.16.9.Final", "io.quarkus.platform:quarkus-qpid-jms-bom-quarkus-platform-descriptor:2.16.9.Final:json:2.16.9.Final", "io.quarkus.platform:quarkus-cassandra-bom-quarkus-platform-descriptor:2.16.9.Final:json:2.16.9.Final", "io.quarkus.platform:quarkus-amazon-services-bom-quarkus-platform-descriptor:2.16.9.Final:json:2.16.9.Final", "io.quarkus.platform:quarkus-camel-bom-quarkus-platform-descriptor:2.16.9.Final:json:2.16.9.Final", "io.quarkus.platform:quarkus-hazelcast-client-quarkus-platform-descriptor:2.16.9.Final:json:2.16.9.Final", "io.quarkus.platform:quarkus-debezium-bom-quarkus-platform-descriptor:2.16.9.Final:json:2.16.9.Final", "io.quarkus.platform:quarkus-blaze-persistence-bom-quarkus-platform-descriptor:2.16.9.Final:json:2.16.9.Final", "io.quarkus.platform:quarkus-google-cloud-services-bom-quarkus-platform-descriptor:2.16.9.Final:json:2.16.9.Final", "io.quarkus.platform:quarkus-operator-sdk-bom-quarkus-platform-descriptor:2.16.9.Final:json:2.16.9.Final" ]
    }
  }
}