{
  "id" : "io.quarkus.platform:quarkus-hazelcast-client-quarkus-platform-descriptor:2.16.10.Final:json:2.16.10.Final",
  "platform" : true,
  "bom" : "io.quarkus.platform:quarkus-hazelcast-client::pom:2.16.10.Final",
  "quarkus-core-version" : "2.16.10.Final",
  "extensions" : [ {
    "name" : "Hazelcast Client",
    "description" : "Connect to the Hazelcast IMDG for distributed caching and in-memory computing",
    "metadata" : {
      "categories" : [ "data" ],
      "keywords" : [ "hazelcast-client", "hazelcast", "cache", "distributed cache", "caching" ],
      "built-with-quarkus-core" : "2.7.2.Final",
      "status" : "stable",
      "guide" : "https://guides.hazelcast.org/hazelcast-client-quarkus/",
      "extension-dependencies" : [ "io.quarkus:quarkus-core", "io.quarkus:quarkus-arc", "io.quarkus:quarkus-jaxb", "io.quarkus:quarkus-jaxp" ]
    },
    "artifact" : "com.hazelcast:quarkus-hazelcast-client::jar:3.0.0",
    "origins" : [ "io.quarkus.platform:quarkus-hazelcast-client-quarkus-platform-descriptor:2.16.10.Final:json:2.16.10.Final" ]
  } ],
  "categories" : [ {
    "id" : "integration",
    "name" : "Integration",
    "description" : "Connectors to read to write from a skew of systems (file, S#, Twitter, etc)",
    "metadata" : {
      "pinned" : [ "org.apache.camel.quarkus:camel-quarkus-core", "org.apache.camel.quarkus:camel-quarkus-core-xml" ]
    }
  }, {
    "id" : "business-automation",
    "name" : "Business Automation",
    "description" : "Rules engine, BPM, etc"
  } ],
  "metadata" : {
    "last-bom-update" : "io.quarkus.platform:quarkus-hazelcast-client:2.8.0.CR1",
    "platform-release" : {
      "platform-key" : "io.quarkus.platform",
      "stream" : "2.16",
      "version" : "2.16.10.Final",
      "members" : [ "io.quarkus.platform:quarkus-bom-quarkus-platform-descriptor:2.16.10.Final:json:2.16.10.Final", "io.quarkus.platform:quarkus-drools-bom-quarkus-platform-descriptor:2.16.10.Final:json:2.16.10.Final", "io.quarkus.platform:quarkus-optaplanner-bom-quarkus-platform-descriptor:2.16.10.Final:json:2.16.10.Final", "io.quarkus.platform:quarkus-kogito-bom-quarkus-platform-descriptor:2.16.10.Final:json:2.16.10.Final", "io.quarkus.platform:quarkus-qpid-jms-bom-quarkus-platform-descriptor:2.16.10.Final:json:2.16.10.Final", "io.quarkus.platform:quarkus-cassandra-bom-quarkus-platform-descriptor:2.16.10.Final:json:2.16.10.Final", "io.quarkus.platform:quarkus-amazon-services-bom-quarkus-platform-descriptor:2.16.10.Final:json:2.16.10.Final", "io.quarkus.platform:quarkus-camel-bom-quarkus-platform-descriptor:2.16.10.Final:json:2.16.10.Final", "io.quarkus.platform:quarkus-hazelcast-client-quarkus-platform-descriptor:2.16.10.Final:json:2.16.10.Final", "io.quarkus.platform:quarkus-debezium-bom-quarkus-platform-descriptor:2.16.10.Final:json:2.16.10.Final", "io.quarkus.platform:quarkus-blaze-persistence-bom-quarkus-platform-descriptor:2.16.10.Final:json:2.16.10.Final", "io.quarkus.platform:quarkus-google-cloud-services-bom-quarkus-platform-descriptor:2.16.10.Final:json:2.16.10.Final", "io.quarkus.platform:quarkus-operator-sdk-bom-quarkus-platform-descriptor:2.16.10.Final:json:2.16.10.Final" ]
    }
  }
}