{
  "id" : "io.quarkus.platform:quarkus-google-cloud-services-bom-quarkus-platform-descriptor:2.16.9.Final:json:2.16.9.Final",
  "platform" : true,
  "bom" : "io.quarkus.platform:quarkus-google-cloud-services-bom::pom:2.16.9.Final",
  "quarkus-core-version" : "2.16.9.Final",
  "extensions" : [ {
    "name" : "Google Cloud Bigquery",
    "description" : "Use Google Cloud BigQuery analytics database service",
    "metadata" : {
      "status" : "preview",
      "built-with-quarkus-core" : "2.16.1.Final",
      "keywords" : [ "bigquery", "google cloud", "gcloud", "gcp" ],
      "scm-url" : "https://github.com/quarkiverse/quarkus-google-cloud-services",
      "categories" : [ "cloud", "data" ],
      "extension-dependencies" : [ "io.quarkiverse.googlecloudservices:quarkus-google-cloud-common", "io.quarkus:quarkus-core", "io.quarkus:quarkus-arc", "io.quarkus:quarkus-grpc-common", "io.quarkus:quarkus-vertx", "io.quarkus:quarkus-netty", "io.quarkus:quarkus-mutiny", "io.quarkus:quarkus-smallrye-context-propagation" ]
    },
    "artifact" : "io.quarkiverse.googlecloudservices:quarkus-google-cloud-bigquery::jar:1.4.0",
    "origins" : [ "io.quarkus.platform:quarkus-google-cloud-services-bom-quarkus-platform-descriptor:2.16.9.Final:json:2.16.9.Final" ]
  }, {
    "name" : "Google Cloud Bigtable",
    "description" : "Use Google Cloud Bigtable key/value database service",
    "metadata" : {
      "status" : "preview",
      "built-with-quarkus-core" : "2.16.1.Final",
      "keywords" : [ "bigtable", "google cloud", "gcloud", "gcp" ],
      "scm-url" : "https://github.com/quarkiverse/quarkus-google-cloud-services",
      "categories" : [ "cloud", "data" ],
      "extension-dependencies" : [ "io.quarkiverse.googlecloudservices:quarkus-google-cloud-common", "io.quarkus:quarkus-core", "io.quarkus:quarkus-arc", "io.quarkus:quarkus-grpc-common", "io.quarkus:quarkus-vertx", "io.quarkus:quarkus-netty", "io.quarkus:quarkus-mutiny", "io.quarkus:quarkus-smallrye-context-propagation" ]
    },
    "artifact" : "io.quarkiverse.googlecloudservices:quarkus-google-cloud-bigtable::jar:1.4.0",
    "origins" : [ "io.quarkus.platform:quarkus-google-cloud-services-bom-quarkus-platform-descriptor:2.16.9.Final:json:2.16.9.Final" ]
  }, {
    "name" : "Google Cloud Common",
    "description" : "Parent POM for Quarkiverse projects that includes the default release and artifact publishing related\n    configuration",
    "metadata" : {
      "unlisted" : "true",
      "scm-url" : "https://github.com/quarkiverse/quarkus-google-cloud-services",
      "built-with-quarkus-core" : "2.16.1.Final",
      "keywords" : [ "google cloud", "gcloud", "gcp" ],
      "status" : "experimental",
      "extension-dependencies" : [ "io.quarkus:quarkus-core", "io.quarkus:quarkus-arc" ],
      "categories" : [ "cloud" ]
    },
    "artifact" : "io.quarkiverse.googlecloudservices:quarkus-google-cloud-common::jar:1.4.0",
    "origins" : [ "io.quarkus.platform:quarkus-google-cloud-services-bom-quarkus-platform-descriptor:2.16.9.Final:json:2.16.9.Final" ]
  }, {
    "name" : "Google Cloud Firebase Auth",
    "description" : "Use Google Cloud Firebase Admin to perform privileged actions",
    "metadata" : {
      "status" : "experimental",
      "built-with-quarkus-core" : "2.16.1.Final",
      "keywords" : [ "firebase", "google cloud", "gcloud", "gcp" ],
      "scm-url" : "https://github.com/quarkiverse/quarkus-google-cloud-services",
      "categories" : [ "cloud", "data" ],
      "extension-dependencies" : [ "io.quarkiverse.googlecloudservices:quarkus-google-cloud-common", "io.quarkus:quarkus-core", "io.quarkus:quarkus-arc", "io.quarkus:quarkus-grpc-common", "io.quarkus:quarkus-vertx", "io.quarkus:quarkus-netty", "io.quarkus:quarkus-mutiny", "io.quarkus:quarkus-smallrye-context-propagation" ]
    },
    "artifact" : "io.quarkiverse.googlecloudservices:quarkus-google-cloud-firebase-admin::jar:1.4.0",
    "origins" : [ "io.quarkus.platform:quarkus-google-cloud-services-bom-quarkus-platform-descriptor:2.16.9.Final:json:2.16.9.Final" ]
  }, {
    "name" : "Google Cloud Firestore",
    "description" : "Use Google Cloud Firestore NOSQL database service",
    "metadata" : {
      "status" : "preview",
      "built-with-quarkus-core" : "2.16.1.Final",
      "keywords" : [ "firestore", "google cloud", "gcloud", "gcp" ],
      "scm-url" : "https://github.com/quarkiverse/quarkus-google-cloud-services",
      "categories" : [ "cloud", "data" ],
      "extension-dependencies" : [ "io.quarkiverse.googlecloudservices:quarkus-google-cloud-common", "io.quarkus:quarkus-core", "io.quarkus:quarkus-arc", "io.quarkus:quarkus-grpc-common", "io.quarkus:quarkus-vertx", "io.quarkus:quarkus-netty", "io.quarkus:quarkus-mutiny", "io.quarkus:quarkus-smallrye-context-propagation" ]
    },
    "artifact" : "io.quarkiverse.googlecloudservices:quarkus-google-cloud-firestore::jar:1.4.0",
    "origins" : [ "io.quarkus.platform:quarkus-google-cloud-services-bom-quarkus-platform-descriptor:2.16.9.Final:json:2.16.9.Final" ]
  }, {
    "name" : "Google Cloud Logging",
    "description" : "Use Google Cloud operations logging",
    "metadata" : {
      "status" : "experimental",
      "built-with-quarkus-core" : "2.16.1.Final",
      "keywords" : [ "logging", "google cloud", "gcloud", "gcp" ],
      "scm-url" : "https://github.com/quarkiverse/quarkus-google-cloud-services",
      "categories" : [ "cloud" ],
      "extension-dependencies" : [ "io.quarkiverse.googlecloudservices:quarkus-google-cloud-common", "io.quarkus:quarkus-core", "io.quarkus:quarkus-arc", "io.quarkus:quarkus-grpc-common", "io.quarkus:quarkus-vertx", "io.quarkus:quarkus-netty", "io.quarkus:quarkus-mutiny", "io.quarkus:quarkus-smallrye-context-propagation" ]
    },
    "artifact" : "io.quarkiverse.googlecloudservices:quarkus-google-cloud-logging::jar:1.4.0",
    "origins" : [ "io.quarkus.platform:quarkus-google-cloud-services-bom-quarkus-platform-descriptor:2.16.9.Final:json:2.16.9.Final" ]
  }, {
    "name" : "Google Cloud Pubsub",
    "description" : "Use Google Cloud PubSub messaging broker service",
    "metadata" : {
      "status" : "preview",
      "built-with-quarkus-core" : "2.16.1.Final",
      "keywords" : [ "pubsub", "google cloud", "gcloud", "gcp" ],
      "scm-url" : "https://github.com/quarkiverse/quarkus-google-cloud-services",
      "categories" : [ "cloud", "messaging" ],
      "extension-dependencies" : [ "io.quarkiverse.googlecloudservices:quarkus-google-cloud-common", "io.quarkus:quarkus-core", "io.quarkus:quarkus-arc", "io.quarkus:quarkus-grpc-common", "io.quarkus:quarkus-vertx", "io.quarkus:quarkus-netty", "io.quarkus:quarkus-mutiny", "io.quarkus:quarkus-smallrye-context-propagation" ]
    },
    "artifact" : "io.quarkiverse.googlecloudservices:quarkus-google-cloud-pubsub::jar:1.4.0",
    "origins" : [ "io.quarkus.platform:quarkus-google-cloud-services-bom-quarkus-platform-descriptor:2.16.9.Final:json:2.16.9.Final" ]
  }, {
    "name" : "Google Cloud Secret Manager",
    "description" : "Use Google Cloud Secret Manager service",
    "metadata" : {
      "status" : "preview",
      "built-with-quarkus-core" : "2.16.1.Final",
      "keywords" : [ "secretmanager", "google cloud", "gcloud", "gcp" ],
      "scm-url" : "https://github.com/quarkiverse/quarkus-google-cloud-services",
      "categories" : [ "cloud", "security" ],
      "extension-dependencies" : [ "io.quarkiverse.googlecloudservices:quarkus-google-cloud-common", "io.quarkus:quarkus-core", "io.quarkus:quarkus-arc", "io.quarkus:quarkus-grpc-common", "io.quarkus:quarkus-vertx", "io.quarkus:quarkus-netty", "io.quarkus:quarkus-mutiny", "io.quarkus:quarkus-smallrye-context-propagation" ]
    },
    "artifact" : "io.quarkiverse.googlecloudservices:quarkus-google-cloud-secret-manager::jar:1.4.0",
    "origins" : [ "io.quarkus.platform:quarkus-google-cloud-services-bom-quarkus-platform-descriptor:2.16.9.Final:json:2.16.9.Final" ]
  }, {
    "name" : "Google Cloud Spanner",
    "description" : "Use Google Cloud Spanner RDBMS database service",
    "metadata" : {
      "status" : "preview",
      "built-with-quarkus-core" : "2.16.1.Final",
      "keywords" : [ "spanner", "google cloud", "gcloud", "gcp" ],
      "scm-url" : "https://github.com/quarkiverse/quarkus-google-cloud-services",
      "categories" : [ "cloud", "data" ],
      "extension-dependencies" : [ "io.quarkiverse.googlecloudservices:quarkus-google-cloud-common", "io.quarkus:quarkus-core", "io.quarkus:quarkus-arc", "io.quarkus:quarkus-grpc-common", "io.quarkus:quarkus-vertx", "io.quarkus:quarkus-netty", "io.quarkus:quarkus-mutiny", "io.quarkus:quarkus-smallrye-context-propagation" ]
    },
    "artifact" : "io.quarkiverse.googlecloudservices:quarkus-google-cloud-spanner::jar:1.4.0",
    "origins" : [ "io.quarkus.platform:quarkus-google-cloud-services-bom-quarkus-platform-descriptor:2.16.9.Final:json:2.16.9.Final" ]
  }, {
    "name" : "Google Cloud Storage",
    "description" : "Use Google Cloud Storage object storage service",
    "metadata" : {
      "status" : "preview",
      "built-with-quarkus-core" : "2.16.1.Final",
      "keywords" : [ "storage", "google cloud", "gcloud", "gcp" ],
      "scm-url" : "https://github.com/quarkiverse/quarkus-google-cloud-services",
      "categories" : [ "cloud" ],
      "extension-dependencies" : [ "io.quarkiverse.googlecloudservices:quarkus-google-cloud-common", "io.quarkus:quarkus-core", "io.quarkus:quarkus-arc", "io.quarkus:quarkus-grpc-common", "io.quarkus:quarkus-vertx", "io.quarkus:quarkus-netty", "io.quarkus:quarkus-mutiny", "io.quarkus:quarkus-smallrye-context-propagation" ]
    },
    "artifact" : "io.quarkiverse.googlecloudservices:quarkus-google-cloud-storage::jar:1.4.0",
    "origins" : [ "io.quarkus.platform:quarkus-google-cloud-services-bom-quarkus-platform-descriptor:2.16.9.Final:json:2.16.9.Final" ]
  } ],
  "categories" : [ {
    "id" : "integration",
    "name" : "Integration",
    "description" : "Connectors to read to write from a skew of systems (file, S#, Twitter, etc)",
    "metadata" : {
      "pinned" : [ "org.apache.camel.quarkus:camel-quarkus-core", "org.apache.camel.quarkus:camel-quarkus-core-xml" ]
    }
  }, {
    "id" : "business-automation",
    "name" : "Business Automation",
    "description" : "Rules engine, BPM, etc"
  } ],
  "metadata" : {
    "last-bom-update" : "io.quarkus.platform:quarkus-google-cloud-services-bom:2.16.9.Final",
    "platform-release" : {
      "platform-key" : "io.quarkus.platform",
      "stream" : "2.16",
      "version" : "2.16.9.Final",
      "members" : [ "io.quarkus.platform:quarkus-bom-quarkus-platform-descriptor:2.16.9.Final:json:2.16.9.Final", "io.quarkus.platform:quarkus-drools-bom-quarkus-platform-descriptor:2.16.9.Final:json:2.16.9.Final", "io.quarkus.platform:quarkus-optaplanner-bom-quarkus-platform-descriptor:2.16.9.Final:json:2.16.9.Final", "io.quarkus.platform:quarkus-kogito-bom-quarkus-platform-descriptor:2.16.9.Final:json:2.16.9.Final", "io.quarkus.platform:quarkus-qpid-jms-bom-quarkus-platform-descriptor:2.16.9.Final:json:2.16.9.Final", "io.quarkus.platform:quarkus-cassandra-bom-quarkus-platform-descriptor:2.16.9.Final:json:2.16.9.Final", "io.quarkus.platform:quarkus-amazon-services-bom-quarkus-platform-descriptor:2.16.9.Final:json:2.16.9.Final", "io.quarkus.platform:quarkus-camel-bom-quarkus-platform-descriptor:2.16.9.Final:json:2.16.9.Final", "io.quarkus.platform:quarkus-hazelcast-client-quarkus-platform-descriptor:2.16.9.Final:json:2.16.9.Final", "io.quarkus.platform:quarkus-debezium-bom-quarkus-platform-descriptor:2.16.9.Final:json:2.16.9.Final", "io.quarkus.platform:quarkus-blaze-persistence-bom-quarkus-platform-descriptor:2.16.9.Final:json:2.16.9.Final", "io.quarkus.platform:quarkus-google-cloud-services-bom-quarkus-platform-descriptor:2.16.9.Final:json:2.16.9.Final", "io.quarkus.platform:quarkus-operator-sdk-bom-quarkus-platform-descriptor:2.16.9.Final:json:2.16.9.Final" ]
    }
  }
}