{
  "id" : "io.quarkus.platform:quarkus-kogito-bom-quarkus-platform-descriptor:2.16.9.Final:json:2.16.9.Final",
  "platform" : true,
  "bom" : "io.quarkus.platform:quarkus-kogito-bom::pom:2.16.9.Final",
  "quarkus-core-version" : "2.16.9.Final",
  "extensions" : [ {
    "name" : "Kogito Addons Quarkus Camel",
    "description" : "Add-on for Kogito Serverless Workflow to execute embedded Camel Routes as workflow functions.",
    "metadata" : {
      "status" : "preview",
      "built-with-quarkus-core" : "2.16.7.Final",
      "keywords" : [ "kogito", "camel", "serverless", "workflow" ],
      "categories" : [ "integration" ],
      "minimum-java-version" : "11",
      "extension-dependencies" : [ "org.kie.kogito:kogito-quarkus-serverless-workflow", "io.quarkus:quarkus-cache", "io.quarkus:quarkus-arc", "io.quarkus:quarkus-caffeine", "io.quarkus:quarkus-mutiny", "io.quarkus:quarkus-smallrye-context-propagation", "io.quarkus:quarkus-rest-client", "io.quarkus:quarkus-core", "io.quarkus:quarkus-resteasy-common", "io.quarkus:quarkus-apache-httpclient", "io.quarkus:quarkus-rest-client-config", "io.quarkus:quarkus-rest-client-jackson", "io.quarkus:quarkus-jackson", "io.quarkus:quarkus-smallrye-openapi", "io.quarkus:quarkus-vertx-http", "io.quarkus:quarkus-swagger-ui", "io.quarkus:quarkus-grpc", "io.quarkus:quarkus-grpc-common", "io.quarkus:quarkus-smallrye-stork", "org.kie.kogito:kogito-addons-quarkus-messaging", "io.quarkus:quarkus-smallrye-reactive-messaging", "io.quarkus:quarkus-mutiny-reactive-streams-operators", "io.quarkus:quarkus-vertx", "io.quarkus:quarkus-netty", "io.quarkiverse.reactivemessaging.http:quarkus-reactive-messaging-http", "io.quarkus:quarkus-reactive-routes", "io.quarkiverse.jackson-jq:quarkus-jackson-jq", "io.quarkiverse.openapi.generator:quarkus-openapi-generator", "io.quarkus:quarkus-qute", "io.quarkiverse.asyncapi:quarkus-asyncapi", "org.apache.camel.quarkus:camel-quarkus-direct", "org.apache.camel.quarkus:camel-quarkus-core", "org.apache.camel.quarkus:camel-quarkus-yaml-dsl", "org.apache.camel.quarkus:camel-quarkus-xml-io-dsl" ]
    },
    "artifact" : "org.kie.kogito:kogito-addons-quarkus-camel::jar:1.41.0.Final",
    "origins" : [ "io.quarkus.platform:quarkus-kogito-bom-quarkus-platform-descriptor:2.16.9.Final:json:2.16.9.Final" ]
  }, {
    "name" : "Kogito Addons Quarkus Data Index Infinispan",
    "description" : "Kogito Data Index Infinispan Add-On",
    "metadata" : {
      "built-with-quarkus-core" : "2.16.7.Final",
      "capabilities" : {
        "provides" : [ "org.kie.kogito.data-index" ]
      },
      "guide" : "https://quarkus.io/guides/kogito",
      "keywords" : [ "data-index", "kogito" ],
      "extension-dependencies" : [ "io.quarkus:quarkus-arc", "io.quarkus:quarkus-vertx-graphql", "io.quarkus:quarkus-vertx-http", "io.quarkus:quarkus-vertx", "io.quarkus:quarkus-reactive-routes", "org.kie.kogito:kogito-addons-quarkus-source-files", "io.quarkus:quarkus-jackson", "io.quarkus:quarkus-elytron-security-properties-file", "io.quarkus:quarkus-elytron-security", "io.quarkus:quarkus-security", "io.quarkus:quarkus-infinispan-client", "io.quarkus:quarkus-caffeine", "io.quarkus:quarkus-mutiny", "io.quarkus:quarkus-smallrye-context-propagation", "io.quarkus:quarkus-netty", "io.quarkus:quarkus-jsonp", "io.quarkus:quarkus-elytron-security-common", "io.quarkus:quarkus-qute", "io.quarkus:quarkus-core" ],
      "categories" : [ "business-automation" ],
      "minimum-java-version" : "11"
    },
    "artifact" : "org.kie.kogito:kogito-addons-quarkus-data-index-infinispan::jar:1.41.0.Final",
    "origins" : [ "io.quarkus.platform:quarkus-kogito-bom-quarkus-platform-descriptor:2.16.9.Final:json:2.16.9.Final" ]
  }, {
    "name" : "Kogito Addons Quarkus Data Index In-memory",
    "description" : "Kogito Data Index In-memory Add-On",
    "metadata" : {
      "built-with-quarkus-core" : "2.16.7.Final",
      "capabilities" : {
        "provides" : [ "org.kie.kogito.data-index" ]
      },
      "guide" : "https://quarkus.io/guides/kogito",
      "keywords" : [ "data-index", "kogito" ],
      "extension-dependencies" : [ "io.quarkus:quarkus-arc", "io.quarkus:quarkus-core", "io.quarkus:quarkus-vertx", "io.quarkus:quarkus-netty", "io.quarkus:quarkus-reactive-routes", "org.kie.kogito:kogito-addons-quarkus-source-files", "io.quarkus:quarkus-jackson", "io.quarkus:quarkus-elytron-security-properties-file", "io.quarkus:quarkus-elytron-security", "io.quarkus:quarkus-elytron-security-common", "io.quarkus:quarkus-security", "io.quarkus:quarkus-hibernate-orm-panache", "io.quarkus:quarkus-hibernate-orm", "io.quarkus:quarkus-agroal", "io.quarkus:quarkus-narayana-jta", "io.quarkus:quarkus-caffeine", "io.quarkus:quarkus-hibernate-orm-panache-common", "io.quarkus:quarkus-jdbc-postgresql", "io.quarkiverse.embedded.postgresql:quarkus-embedded-postgresql", "io.quarkus:quarkus-datasource", "io.quarkus:quarkus-vertx-graphql", "io.quarkus:quarkus-vertx-http", "io.quarkus:quarkus-mutiny", "io.quarkus:quarkus-smallrye-context-propagation" ],
      "categories" : [ "business-automation" ],
      "minimum-java-version" : "11"
    },
    "artifact" : "org.kie.kogito:kogito-addons-quarkus-data-index-inmemory::jar:1.41.0.Final",
    "origins" : [ "io.quarkus.platform:quarkus-kogito-bom-quarkus-platform-descriptor:2.16.9.Final:json:2.16.9.Final" ]
  }, {
    "name" : "Kogito Addons Quarkus Data Index MongoDB",
    "description" : "Kogito Data Index MongoDB Add-On",
    "metadata" : {
      "built-with-quarkus-core" : "2.16.7.Final",
      "capabilities" : {
        "provides" : [ "org.kie.kogito.data-index" ]
      },
      "guide" : "https://quarkus.io/guides/kogito",
      "keywords" : [ "data-index", "kogito" ],
      "extension-dependencies" : [ "io.quarkus:quarkus-arc", "io.quarkus:quarkus-core", "io.quarkus:quarkus-vertx", "io.quarkus:quarkus-netty", "io.quarkus:quarkus-reactive-routes", "org.kie.kogito:kogito-addons-quarkus-source-files", "io.quarkus:quarkus-jackson", "io.quarkus:quarkus-elytron-security-properties-file", "io.quarkus:quarkus-elytron-security", "io.quarkus:quarkus-elytron-security-common", "io.quarkus:quarkus-security", "io.quarkus:quarkus-mongodb-client", "io.quarkus:quarkus-mutiny-reactive-streams-operators", "io.quarkus:quarkus-vertx-graphql", "io.quarkus:quarkus-vertx-http", "io.quarkus:quarkus-mutiny", "io.quarkus:quarkus-smallrye-context-propagation" ],
      "categories" : [ "business-automation" ],
      "minimum-java-version" : "11"
    },
    "artifact" : "org.kie.kogito:kogito-addons-quarkus-data-index-mongodb::jar:1.41.0.Final",
    "origins" : [ "io.quarkus.platform:quarkus-kogito-bom-quarkus-platform-descriptor:2.16.9.Final:json:2.16.9.Final" ]
  }, {
    "name" : "Kogito Addons Quarkus Data Index PostgreSQL",
    "description" : "Kogito Data Index PostgreSQL Add-On",
    "metadata" : {
      "built-with-quarkus-core" : "2.16.7.Final",
      "capabilities" : {
        "provides" : [ "org.kie.kogito.data-index" ]
      },
      "guide" : "https://quarkus.io/guides/kogito",
      "keywords" : [ "data-index", "kogito" ],
      "extension-dependencies" : [ "io.quarkus:quarkus-arc", "io.quarkus:quarkus-core", "io.quarkus:quarkus-vertx", "io.quarkus:quarkus-netty", "io.quarkus:quarkus-reactive-routes", "org.kie.kogito:kogito-addons-quarkus-source-files", "io.quarkus:quarkus-jackson", "io.quarkus:quarkus-elytron-security-properties-file", "io.quarkus:quarkus-elytron-security", "io.quarkus:quarkus-elytron-security-common", "io.quarkus:quarkus-security", "io.quarkus:quarkus-hibernate-orm-panache", "io.quarkus:quarkus-hibernate-orm", "io.quarkus:quarkus-agroal", "io.quarkus:quarkus-datasource", "io.quarkus:quarkus-narayana-jta", "io.quarkus:quarkus-caffeine", "io.quarkus:quarkus-hibernate-orm-panache-common", "io.quarkus:quarkus-jdbc-postgresql", "io.quarkus:quarkus-vertx-graphql", "io.quarkus:quarkus-vertx-http", "io.quarkus:quarkus-mutiny", "io.quarkus:quarkus-smallrye-context-propagation" ],
      "categories" : [ "business-automation" ],
      "minimum-java-version" : "11"
    },
    "artifact" : "org.kie.kogito:kogito-addons-quarkus-data-index-postgresql::jar:1.41.0.Final",
    "origins" : [ "io.quarkus.platform:quarkus-kogito-bom-quarkus-platform-descriptor:2.16.9.Final:json:2.16.9.Final" ]
  }, {
    "name" : "Kogito Add-On Events Decisions",
    "description" : "Kogito Add-On for processing events on Decisions (DMN) based projects",
    "metadata" : {
      "built-with-quarkus-core" : "2.16.7.Final",
      "keywords" : [ "kogito", "decisions", "DMN", "Kafka" ],
      "capabilities" : {
        "provides" : [ "org.kie.kogito.addons.events.decisions" ]
      },
      "categories" : [ "business-automation" ],
      "extension-dependencies" : [ "org.kie.kogito:kogito-addons-quarkus-messaging", "io.quarkus:quarkus-jackson", "io.quarkus:quarkus-arc", "io.quarkus:quarkus-core" ],
      "guide" : "https://quarkus.io/version/2.13/guides/kogito-dmn"
    },
    "artifact" : "org.kie.kogito:kogito-addons-quarkus-events-decisions::jar:1.41.0.Final",
    "origins" : [ "io.quarkus.platform:quarkus-kogito-bom-quarkus-platform-descriptor:2.16.9.Final:json:2.16.9.Final" ]
  }, {
    "name" : "Kogito Add-On Events MongoDB",
    "description" : "Kogito Add-On for storing Kogito events log on MongoDB for later pushing via Debezium, allowing Outbox pattern implementation.",
    "metadata" : {
      "built-with-quarkus-core" : "2.16.7.Final",
      "keywords" : [ "kogito", "persistence", "mongodb", "events", "process" ],
      "capabilities" : {
        "provides" : [ "org.kie.kogito.addons.events.mongodb" ]
      },
      "categories" : [ "business-automation" ],
      "extension-dependencies" : [ "io.quarkus:quarkus-mongodb-client", "io.quarkus:quarkus-core", "io.quarkus:quarkus-mutiny", "io.quarkus:quarkus-smallrye-context-propagation", "io.quarkus:quarkus-vertx", "io.quarkus:quarkus-netty", "io.quarkus:quarkus-mutiny-reactive-streams-operators", "io.quarkus:quarkus-arc" ],
      "guide" : "https://quarkus.io/version/2.13/guides/kogito"
    },
    "artifact" : "org.kie.kogito:kogito-addons-quarkus-events-mongodb::jar:1.41.0.Final",
    "origins" : [ "io.quarkus.platform:quarkus-kogito-bom-quarkus-platform-descriptor:2.16.9.Final:json:2.16.9.Final" ]
  }, {
    "name" : "Kogito Add-On Events Predictions",
    "description" : "Kogito Add-On for processing events on Predictions (PMML) based projects",
    "metadata" : {
      "built-with-quarkus-core" : "2.16.7.Final",
      "keywords" : [ "kogito", "predictions", "PMML", "Kafka" ],
      "capabilities" : {
        "provides" : [ "org.kie.kogito.addons.events.predictions" ]
      },
      "categories" : [ "business-automation" ],
      "extension-dependencies" : [ "org.kie.kogito:kogito-addons-quarkus-messaging", "io.quarkus:quarkus-jackson", "io.quarkus:quarkus-arc", "io.quarkus:quarkus-core" ],
      "guide" : "https://quarkus.io/version/2.13/guides/kogito-pmml"
    },
    "artifact" : "org.kie.kogito:kogito-addons-quarkus-events-predictions::jar:1.41.0.Final",
    "origins" : [ "io.quarkus.platform:quarkus-kogito-bom-quarkus-platform-descriptor:2.16.9.Final:json:2.16.9.Final" ]
  }, {
    "name" : "Kogito Add-On Events Process",
    "description" : "Kogito Add-On for Processes Events",
    "metadata" : {
      "built-with-quarkus-core" : "2.16.7.Final",
      "keywords" : [ "kogito", "bpmn", "process", "events" ],
      "capabilities" : {
        "provides" : [ "org.kie.kogito.addons.events.process" ]
      },
      "categories" : [ "business-automation" ],
      "extension-dependencies" : [ "io.quarkus:quarkus-arc", "io.quarkus:quarkus-core" ],
      "guide" : "https://quarkus.io/version/2.13/guides/kogito"
    },
    "artifact" : "org.kie.kogito:kogito-addons-quarkus-events-process::jar:1.41.0.Final",
    "origins" : [ "io.quarkus.platform:quarkus-kogito-bom-quarkus-platform-descriptor:2.16.9.Final:json:2.16.9.Final" ]
  }, {
    "name" : "Kogito Add-On Events Rules",
    "description" : "Kogito Add-On for processing events on Rules (DRL) based projects",
    "metadata" : {
      "built-with-quarkus-core" : "2.16.7.Final",
      "keywords" : [ "kogito", "rules", "drools", "DRL", "Kafka" ],
      "capabilities" : {
        "provides" : [ "org.kie.kogito.addons.events.rules" ]
      },
      "categories" : [ "business-automation" ],
      "extension-dependencies" : [ "org.kie.kogito:kogito-addons-quarkus-messaging", "io.quarkus:quarkus-core", "io.quarkus:quarkus-arc", "io.quarkus:quarkus-jackson" ],
      "guide" : "https://quarkus.io/version/2.13/guides/kogito-drl"
    },
    "artifact" : "org.kie.kogito:kogito-addons-quarkus-events-rules::jar:1.41.0.Final",
    "origins" : [ "io.quarkus.platform:quarkus-kogito-bom-quarkus-platform-descriptor:2.16.9.Final:json:2.16.9.Final" ]
  }, {
    "name" : "Kogito Add-On Explainability",
    "description" : "Kogito Add-On to support explainability. Should be used only with the explainability service.",
    "metadata" : {
      "unlisted" : true,
      "built-with-quarkus-core" : "2.16.7.Final",
      "capabilities" : {
        "provides" : [ "org.kie.kogito.addons.explainability" ]
      },
      "guide" : "https://quarkus.io/version/2.13/guides/kogito-dmn",
      "keywords" : [ "kogito", "decisions", "dmn", "explainability" ],
      "extension-dependencies" : [ "io.quarkus:quarkus-resteasy", "io.quarkus:quarkus-vertx-http", "io.quarkus:quarkus-core", "io.quarkus:quarkus-mutiny", "io.quarkus:quarkus-smallrye-context-propagation", "io.quarkus:quarkus-vertx", "io.quarkus:quarkus-netty", "io.quarkus:quarkus-resteasy-server-common", "io.quarkus:quarkus-arc", "io.quarkus:quarkus-resteasy-common", "io.quarkus:quarkus-resteasy-jackson", "io.quarkus:quarkus-jackson" ],
      "categories" : [ "business-automation" ]
    },
    "artifact" : "org.kie.kogito:kogito-addons-quarkus-explainability::jar:1.41.0.Final",
    "origins" : [ "io.quarkus.platform:quarkus-kogito-bom-quarkus-platform-descriptor:2.16.9.Final:json:2.16.9.Final" ]
  }, {
    "name" : "Kogito Add-On Fabric8 Kubernetes Service Catalog",
    "description" : "Parent Module for Kogito Quarkus Add-Ons. All add-ons are Quarkus Extensions.",
    "metadata" : {
      "built-with-quarkus-core" : "2.16.7.Final",
      "extension-dependencies" : [ "io.quarkus:quarkus-kubernetes-client", "io.quarkus:quarkus-arc", "io.quarkus:quarkus-core", "io.quarkus:quarkus-kubernetes-client-internal", "io.quarkus:quarkus-jackson", "io.quarkus:quarkus-openshift-client" ],
      "capabilities" : {
        "provides" : [ "org.kie.kogito.addons.quarkus.fabric8.kubernetes.service.catalog" ]
      }
    },
    "artifact" : "org.kie.kogito:kogito-addons-quarkus-fabric8-kubernetes-service-catalog::jar:1.41.0.Final",
    "origins" : [ "io.quarkus.platform:quarkus-kogito-bom-quarkus-platform-descriptor:2.16.9.Final:json:2.16.9.Final" ]
  }, {
    "name" : "Kogito Add-On Jobs Service Knative Eventing",
    "description" : "Kogito Add-On to interact with the Kogito Jobs Service using events via the knative eventing system",
    "metadata" : {
      "built-with-quarkus-core" : "2.16.7.Final",
      "keywords" : [ "kogito", "process", "bpmn", "jobs" ],
      "capabilities" : {
        "provides" : [ "org.kie.kogito.addons.jobs.messaging.events" ]
      },
      "categories" : [ "business-automation" ],
      "extension-dependencies" : [ "io.quarkus:quarkus-core", "io.quarkus:quarkus-jackson", "io.quarkus:quarkus-arc", "io.quarkiverse.reactivemessaging.http:quarkus-reactive-messaging-http", "io.quarkus:quarkus-smallrye-reactive-messaging", "io.quarkus:quarkus-mutiny-reactive-streams-operators", "io.quarkus:quarkus-mutiny", "io.quarkus:quarkus-smallrye-context-propagation", "io.quarkus:quarkus-vertx", "io.quarkus:quarkus-netty", "io.quarkus:quarkus-reactive-routes", "io.quarkus:quarkus-vertx-http", "org.kie.kogito:kogito-addons-quarkus-knative-eventing", "org.kie.kogito:kogito-addons-quarkus-messaging" ],
      "guide" : "https://quarkus.io/version/2.13/guides/kogito"
    },
    "artifact" : "org.kie.kogito:kogito-addons-quarkus-jobs-knative-eventing::jar:1.41.0.Final",
    "origins" : [ "io.quarkus.platform:quarkus-kogito-bom-quarkus-platform-descriptor:2.16.9.Final:json:2.16.9.Final" ]
  }, {
    "name" : "Kogito Add-On Jobs Service",
    "description" : "Kogito Add-On to interact with Kogito Jobs Service",
    "metadata" : {
      "built-with-quarkus-core" : "2.16.7.Final",
      "keywords" : [ "kogito", "process", "bpmn", "jobs" ],
      "capabilities" : {
        "provides" : [ "org.kie.kogito.addons.jobs.management" ]
      },
      "categories" : [ "business-automation" ],
      "extension-dependencies" : [ "io.quarkus:quarkus-jackson", "io.quarkus:quarkus-arc", "io.quarkus:quarkus-core", "io.quarkus:quarkus-vertx", "io.quarkus:quarkus-netty", "io.quarkus:quarkus-mutiny", "io.quarkus:quarkus-smallrye-context-propagation" ],
      "guide" : "https://quarkus.io/version/2.13/guides/kogito"
    },
    "artifact" : "org.kie.kogito:kogito-addons-quarkus-jobs-management::jar:1.41.0.Final",
    "origins" : [ "io.quarkus.platform:quarkus-kogito-bom-quarkus-platform-descriptor:2.16.9.Final:json:2.16.9.Final" ]
  }, {
    "name" : "Kogito Add-On Jobs Service Messaging",
    "description" : "Kogito Add-On to interact with the Kogito Jobs Service using events via the reactive messaging api",
    "metadata" : {
      "built-with-quarkus-core" : "2.16.7.Final",
      "keywords" : [ "kogito", "process", "bpmn", "jobs" ],
      "capabilities" : {
        "provides" : [ "org.kie.kogito.addons.jobs.messaging.events" ]
      },
      "categories" : [ "business-automation" ],
      "extension-dependencies" : [ "io.quarkus:quarkus-core", "io.quarkus:quarkus-jackson", "io.quarkus:quarkus-arc", "io.quarkus:quarkus-smallrye-reactive-messaging", "io.quarkus:quarkus-mutiny-reactive-streams-operators", "io.quarkus:quarkus-mutiny", "io.quarkus:quarkus-smallrye-context-propagation", "io.quarkus:quarkus-vertx", "io.quarkus:quarkus-netty" ],
      "guide" : "https://quarkus.io/version/2.13/guides/kogito"
    },
    "artifact" : "org.kie.kogito:kogito-addons-quarkus-jobs-messaging::jar:1.41.0.Final",
    "origins" : [ "io.quarkus.platform:quarkus-kogito-bom-quarkus-platform-descriptor:2.16.9.Final:json:2.16.9.Final" ]
  }, {
    "name" : "Jobs Service Embedded Quarkus Addon",
    "description" : "Run Jobs Service embedded with the application.",
    "metadata" : {
      "built-with-quarkus-core" : "2.16.7.Final",
      "guide" : "https://quarkus.io/guides/kogito",
      "keywords" : [ "kogito-addons-quarkus-jobs-service-embedded" ],
      "status" : "preview",
      "extension-dependencies" : [ "io.quarkus:quarkus-arc", "io.quarkus:quarkus-core", "io.quarkus:quarkus-resteasy-mutiny", "io.quarkus:quarkus-resteasy", "io.quarkus:quarkus-vertx-http", "io.quarkus:quarkus-resteasy-server-common", "io.quarkus:quarkus-resteasy-mutiny-common", "io.quarkus:quarkus-resteasy-common", "io.quarkus:quarkus-mutiny", "io.quarkus:quarkus-smallrye-context-propagation", "io.quarkus:quarkus-apache-httpclient", "io.quarkus:quarkus-resteasy-jackson", "io.quarkus:quarkus-jackson", "io.quarkiverse.embedded.postgresql:quarkus-embedded-postgresql", "io.quarkus:quarkus-datasource", "org.kie.kogito:job-http-recipient", "io.quarkus:quarkus-reactive-routes", "io.quarkus:quarkus-smallrye-openapi", "io.quarkus:quarkus-swagger-ui", "io.quarkus:quarkus-smallrye-reactive-messaging", "io.quarkus:quarkus-mutiny-reactive-streams-operators", "io.quarkus:quarkus-smallrye-reactive-messaging-kafka", "io.quarkus:quarkus-kafka-client", "io.quarkus:quarkus-caffeine", "io.quarkiverse.reactivemessaging.http:quarkus-reactive-messaging-http", "io.quarkus:quarkus-smallrye-health", "io.quarkus:quarkus-jsonp", "io.quarkus:quarkus-smallrye-fault-tolerance", "io.quarkus:quarkus-oidc", "io.quarkus:quarkus-security", "io.quarkus:quarkus-oidc-common", "io.quarkus:quarkus-smallrye-jwt-build", "io.quarkus:quarkus-reactive-pg-client", "io.quarkus:quarkus-reactive-datasource", "io.quarkus:quarkus-jdbc-postgresql", "io.quarkus:quarkus-flyway", "io.quarkus:quarkus-agroal", "io.quarkus:quarkus-narayana-jta", "org.kie.kogito:kogito-addons-quarkus-jobs-management", "io.quarkus:quarkus-vertx", "io.quarkus:quarkus-netty" ],
      "categories" : [ "miscellaneous" ],
      "minimum-java-version" : "11"
    },
    "artifact" : "org.kie.kogito:kogito-addons-quarkus-jobs-service-embedded::jar:1.41.0.Final",
    "origins" : [ "io.quarkus.platform:quarkus-kogito-bom-quarkus-platform-descriptor:2.16.9.Final:json:2.16.9.Final" ]
  }, {
    "name" : "Kogito Add-On Knative Eventing",
    "description" : "Adds support for CloudEvents on top of HTTP and Knative env vars configuration.",
    "metadata" : {
      "built-with-quarkus-core" : "2.16.7.Final",
      "keywords" : [ "kogito", "processes", "decisions", "rules", "bpmn", "drl", "dmn", "knative", "eventing", "cloudevents" ],
      "capabilities" : {
        "provides" : [ "org.kie.kogito.addons.knative.eventing" ]
      },
      "categories" : [ "business-automation" ],
      "extension-dependencies" : [ "org.kie.kogito:kogito-addons-quarkus-messaging", "io.quarkus:quarkus-core", "io.quarkus:quarkus-arc", "io.quarkus:quarkus-jackson", "io.quarkiverse.reactivemessaging.http:quarkus-reactive-messaging-http", "io.quarkus:quarkus-smallrye-reactive-messaging", "io.quarkus:quarkus-mutiny-reactive-streams-operators", "io.quarkus:quarkus-mutiny", "io.quarkus:quarkus-smallrye-context-propagation", "io.quarkus:quarkus-vertx", "io.quarkus:quarkus-netty", "io.quarkus:quarkus-reactive-routes", "io.quarkus:quarkus-vertx-http" ],
      "guide" : "https://quarkus.io/version/2.13/guides/kogito"
    },
    "artifact" : "org.kie.kogito:kogito-addons-quarkus-knative-eventing::jar:1.41.0.Final",
    "origins" : [ "io.quarkus.platform:quarkus-kogito-bom-quarkus-platform-descriptor:2.16.9.Final:json:2.16.9.Final" ]
  }, {
    "name" : "Kogito Add-On Knative Serving",
    "description" : "Knative Serving Kogito Add-On. Adds Knative Serverless Workflow custom functions.",
    "metadata" : {
      "built-with-quarkus-core" : "2.16.7.Final",
      "extension-dependencies" : [ "org.kie.kogito:kogito-addons-quarkus-kubernetes", "io.quarkus:quarkus-kubernetes-client", "io.quarkus:quarkus-kubernetes-client-internal", "io.quarkus:quarkus-jackson", "io.quarkus:quarkus-cache", "io.quarkus:quarkus-caffeine", "io.quarkus:quarkus-vertx", "io.quarkus:quarkus-arc", "io.quarkus:quarkus-core", "io.quarkus:quarkus-netty", "io.quarkus:quarkus-mutiny", "io.quarkus:quarkus-smallrye-context-propagation" ],
      "capabilities" : {
        "provides" : [ "org.kie.kogito.addons.knative.serving" ]
      }
    },
    "artifact" : "org.kie.kogito:kogito-addons-quarkus-knative-serving::jar:1.41.0.Final",
    "origins" : [ "io.quarkus.platform:quarkus-kogito-bom-quarkus-platform-descriptor:2.16.9.Final:json:2.16.9.Final" ]
  }, {
    "name" : "Kogito Add-On Kubernetes",
    "description" : "Adds support for Kubernetes integrations within Kogito engine.",
    "metadata" : {
      "built-with-quarkus-core" : "2.16.7.Final",
      "keywords" : [ "kogito", "kubernetes", "knative" ],
      "capabilities" : {
        "provides" : [ "org.kie.kogito.addons.kubernetes" ]
      },
      "categories" : [ "business-automation" ],
      "extension-dependencies" : [ "io.quarkus:quarkus-kubernetes-client", "io.quarkus:quarkus-arc", "io.quarkus:quarkus-core", "io.quarkus:quarkus-kubernetes-client-internal", "io.quarkus:quarkus-jackson", "io.quarkus:quarkus-cache", "io.quarkus:quarkus-caffeine", "io.quarkus:quarkus-mutiny", "io.quarkus:quarkus-smallrye-context-propagation" ],
      "guide" : "https://quarkus.io/version/2.13/guides/kogito"
    },
    "artifact" : "org.kie.kogito:kogito-addons-quarkus-kubernetes::jar:1.41.0.Final",
    "origins" : [ "io.quarkus.platform:quarkus-kogito-bom-quarkus-platform-descriptor:2.16.9.Final:json:2.16.9.Final" ]
  }, {
    "name" : "Kogito Add-On User Tasks e-mail",
    "description" : "Kogito Add-On for e-mail support on Human Tasks.",
    "metadata" : {
      "built-with-quarkus-core" : "2.16.7.Final",
      "keywords" : [ "kogito", "processes", "mail", "e-mail", "tasks", "notification" ],
      "capabilities" : {
        "provides" : [ "org.kie.kogito.addons.mail" ]
      },
      "categories" : [ "business-automation" ],
      "extension-dependencies" : [ "io.quarkus:quarkus-smallrye-reactive-messaging-kafka", "io.quarkus:quarkus-kafka-client", "io.quarkus:quarkus-arc", "io.quarkus:quarkus-caffeine", "io.quarkus:quarkus-jackson", "io.quarkus:quarkus-smallrye-reactive-messaging", "io.quarkus:quarkus-mutiny-reactive-streams-operators", "io.quarkus:quarkus-mailer", "io.quarkus:quarkus-vertx", "io.quarkus:quarkus-netty", "io.quarkus:quarkus-qute", "io.quarkus:quarkus-core", "io.quarkus:quarkus-mutiny", "io.quarkus:quarkus-smallrye-context-propagation" ],
      "guide" : "https://quarkus.io/version/2.13/guides/kogito"
    },
    "artifact" : "org.kie.kogito:kogito-addons-quarkus-mail::jar:1.41.0.Final",
    "origins" : [ "io.quarkus.platform:quarkus-kogito-bom-quarkus-platform-descriptor:2.16.9.Final:json:2.16.9.Final" ]
  }, {
    "name" : "Kogito :: Add-Ons :: Quarkus :: Marshallers :: Avro",
    "description" : "Kogito Quarkus Marshallers Unmarshaller for Avro",
    "metadata" : {
      "extension-dependencies" : [ "io.quarkus:quarkus-core", "io.quarkus:quarkus-jackson", "io.quarkus:quarkus-arc" ],
      "built-with-quarkus-core" : "2.16.7.Final"
    },
    "artifact" : "org.kie.kogito:kogito-addons-quarkus-marshallers-avro::jar:1.41.0.Final",
    "origins" : [ "io.quarkus.platform:quarkus-kogito-bom-quarkus-platform-descriptor:2.16.9.Final:json:2.16.9.Final" ]
  }, {
    "name" : "Kogito Add-On Process Messaging",
    "description" : "Kogito Events handling for BPMN messages Add-On",
    "metadata" : {
      "built-with-quarkus-core" : "2.16.7.Final",
      "keywords" : [ "kogito", "processes", "messaging", "cloudevents", "bpmn" ],
      "capabilities" : {
        "provides" : [ "org.kie.kogito.addons.messaging" ]
      },
      "categories" : [ "business-automation" ],
      "extension-dependencies" : [ "io.quarkus:quarkus-core", "io.quarkus:quarkus-arc", "io.quarkus:quarkus-jackson" ],
      "guide" : "https://quarkus.io/version/2.13/guides/kogito"
    },
    "artifact" : "org.kie.kogito:kogito-addons-quarkus-messaging::jar:1.41.0.Final",
    "origins" : [ "io.quarkus.platform:quarkus-kogito-bom-quarkus-platform-descriptor:2.16.9.Final:json:2.16.9.Final" ]
  }, {
    "name" : "Kogito Add-On Monitoring Elasticsearch",
    "description" : "Kogito Add-On for Elasticsearch Monitoring",
    "metadata" : {
      "built-with-quarkus-core" : "2.16.7.Final",
      "keywords" : [ "kogito", "elasticsearch", "monitoring" ],
      "capabilities" : {
        "provides" : [ "org.kie.kogito.addons.monitoring.elasticsearch" ]
      },
      "categories" : [ "business-automation" ],
      "extension-dependencies" : [ "io.quarkus:quarkus-core", "io.quarkus:quarkus-resteasy", "io.quarkus:quarkus-vertx-http", "io.quarkus:quarkus-mutiny", "io.quarkus:quarkus-smallrye-context-propagation", "io.quarkus:quarkus-vertx", "io.quarkus:quarkus-netty", "io.quarkus:quarkus-resteasy-server-common", "io.quarkus:quarkus-arc", "io.quarkus:quarkus-resteasy-common" ],
      "guide" : "https://quarkus.io/version/2.13/guides/kogito"
    },
    "artifact" : "org.kie.kogito:kogito-addons-quarkus-monitoring-elastic::jar:1.41.0.Final",
    "origins" : [ "io.quarkus.platform:quarkus-kogito-bom-quarkus-platform-descriptor:2.16.9.Final:json:2.16.9.Final" ]
  }, {
    "name" : "Kogito Add-On Monitoring Prometheus",
    "description" : "Kogito Add-On for Prometheus Monitoring",
    "metadata" : {
      "built-with-quarkus-core" : "2.16.7.Final",
      "keywords" : [ "kogito", "prometheus", "monitoring" ],
      "capabilities" : {
        "provides" : [ "org.kie.kogito.addons.monitoring.prometheus" ]
      },
      "categories" : [ "business-automation" ],
      "extension-dependencies" : [ "io.quarkus:quarkus-resteasy", "io.quarkus:quarkus-vertx-http", "io.quarkus:quarkus-vertx", "io.quarkus:quarkus-netty", "io.quarkus:quarkus-resteasy-server-common", "io.quarkus:quarkus-resteasy-common", "io.quarkus:quarkus-grpc", "io.quarkus:quarkus-grpc-common", "io.quarkus:quarkus-core", "io.quarkus:quarkus-arc", "io.quarkus:quarkus-smallrye-stork", "io.quarkus:quarkus-mutiny", "io.quarkus:quarkus-smallrye-context-propagation", "io.quarkus:quarkus-micrometer-registry-prometheus", "io.quarkus:quarkus-micrometer", "io.quarkus:quarkus-jsonp" ],
      "guide" : "https://quarkus.io/version/2.13/guides/kogito"
    },
    "artifact" : "org.kie.kogito:kogito-addons-quarkus-monitoring-prometheus::jar:1.41.0.Final",
    "origins" : [ "io.quarkus.platform:quarkus-kogito-bom-quarkus-platform-descriptor:2.16.9.Final:json:2.16.9.Final" ]
  }, {
    "name" : "Kogito Add-On Persistence FileSystem",
    "description" : "Kogito Add-On support for persistence on FileSystem",
    "metadata" : {
      "built-with-quarkus-core" : "2.16.7.Final",
      "keywords" : [ "kogito", "persistence", "filesystem", "process" ],
      "capabilities" : {
        "provides" : [ "org.kie.kogito.addons.persistence.filesystem" ]
      },
      "categories" : [ "business-automation" ],
      "extension-dependencies" : [ "io.quarkus:quarkus-arc", "io.quarkus:quarkus-core" ],
      "guide" : "https://quarkus.io/version/2.13/guides/kogito"
    },
    "artifact" : "org.kie.kogito:kogito-addons-quarkus-persistence-filesystem::jar:1.41.0.Final",
    "origins" : [ "io.quarkus.platform:quarkus-kogito-bom-quarkus-platform-descriptor:2.16.9.Final:json:2.16.9.Final" ]
  }, {
    "name" : "Kogito Add-On Persistence Infinispan",
    "description" : "Kogito Add-On support for persistence on Infinispan",
    "metadata" : {
      "built-with-quarkus-core" : "2.16.7.Final",
      "keywords" : [ "kogito", "persistence", "infinispan", "process" ],
      "capabilities" : {
        "provides" : [ "org.kie.kogito.addons.persistence.infinispan" ]
      },
      "categories" : [ "business-automation" ],
      "extension-dependencies" : [ "io.quarkus:quarkus-infinispan-client", "io.quarkus:quarkus-core", "io.quarkus:quarkus-arc", "io.quarkus:quarkus-caffeine", "io.quarkus:quarkus-mutiny", "io.quarkus:quarkus-smallrye-context-propagation", "io.quarkus:quarkus-netty", "io.quarkus:quarkus-jsonp", "io.quarkus:quarkus-elytron-security-common" ],
      "guide" : "https://quarkus.io/version/2.13/guides/kogito"
    },
    "artifact" : "org.kie.kogito:kogito-addons-quarkus-persistence-infinispan::jar:1.41.0.Final",
    "origins" : [ "io.quarkus.platform:quarkus-kogito-bom-quarkus-platform-descriptor:2.16.9.Final:json:2.16.9.Final" ]
  }, {
    "name" : "Kogito Add-On Persistence JDBC",
    "description" : "Kogito Add-On support for persistence on JDBC",
    "metadata" : {
      "built-with-quarkus-core" : "2.16.7.Final",
      "keywords" : [ "kogito", "persistence", "jdbc", "process" ],
      "capabilities" : {
        "provides" : [ "org.kie.kogito.addons.persistence.jdbc" ]
      },
      "categories" : [ "business-automation" ],
      "extension-dependencies" : [ "io.quarkus:quarkus-arc", "io.quarkus:quarkus-core", "io.quarkus:quarkus-flyway", "io.quarkus:quarkus-agroal", "io.quarkus:quarkus-datasource", "io.quarkus:quarkus-narayana-jta", "io.quarkus:quarkus-mutiny", "io.quarkus:quarkus-smallrye-context-propagation" ],
      "guide" : "https://quarkus.io/version/2.13/guides/kogito"
    },
    "artifact" : "org.kie.kogito:kogito-addons-quarkus-persistence-jdbc::jar:1.41.0.Final",
    "origins" : [ "io.quarkus.platform:quarkus-kogito-bom-quarkus-platform-descriptor:2.16.9.Final:json:2.16.9.Final" ]
  }, {
    "name" : "Kogito Add-On Persistence Kafka",
    "description" : "Kogito Add-On support for persistence on Kafka",
    "metadata" : {
      "built-with-quarkus-core" : "2.16.7.Final",
      "keywords" : [ "kogito", "persistence", "kafka", "process" ],
      "capabilities" : {
        "provides" : [ "org.kie.kogito.addons.persistence.kafka" ]
      },
      "categories" : [ "business-automation" ],
      "extension-dependencies" : [ "io.quarkus:quarkus-kafka-streams", "io.quarkus:quarkus-core", "io.quarkus:quarkus-arc", "io.quarkus:quarkus-kafka-client", "io.quarkus:quarkus-jackson", "io.quarkus:quarkus-caffeine" ],
      "guide" : "https://quarkus.io/version/2.13/guides/kogito"
    },
    "artifact" : "org.kie.kogito:kogito-addons-quarkus-persistence-kafka::jar:1.41.0.Final",
    "origins" : [ "io.quarkus.platform:quarkus-kogito-bom-quarkus-platform-descriptor:2.16.9.Final:json:2.16.9.Final" ]
  }, {
    "name" : "Kogito Add-On Persistence MongoDB",
    "description" : "Kogito Add-On support for persistence on MongoDB",
    "metadata" : {
      "built-with-quarkus-core" : "2.16.7.Final",
      "keywords" : [ "kogito", "persistence", "mongodb", "process" ],
      "capabilities" : {
        "provides" : [ "org.kie.kogito.addons.persistence.mongodb" ]
      },
      "categories" : [ "business-automation" ],
      "extension-dependencies" : [ "io.quarkus:quarkus-arc", "io.quarkus:quarkus-core", "io.quarkus:quarkus-mongodb-client", "io.quarkus:quarkus-mutiny", "io.quarkus:quarkus-smallrye-context-propagation", "io.quarkus:quarkus-vertx", "io.quarkus:quarkus-netty", "io.quarkus:quarkus-mutiny-reactive-streams-operators" ],
      "guide" : "https://quarkus.io/version/2.13/guides/kogito"
    },
    "artifact" : "org.kie.kogito:kogito-addons-quarkus-persistence-mongodb::jar:1.41.0.Final",
    "origins" : [ "io.quarkus.platform:quarkus-kogito-bom-quarkus-platform-descriptor:2.16.9.Final:json:2.16.9.Final" ]
  }, {
    "name" : "Kogito Add-On Persistence PostgreSQL",
    "description" : "Kogito Add-On support for persistence on PostgreSQL",
    "metadata" : {
      "built-with-quarkus-core" : "2.16.7.Final",
      "keywords" : [ "kogito", "persistence", "postgresql", "process" ],
      "capabilities" : {
        "provides" : [ "org.kie.kogito.addons.persistence.postgresql" ]
      },
      "categories" : [ "business-automation" ],
      "extension-dependencies" : [ "io.quarkus:quarkus-arc", "io.quarkus:quarkus-core", "io.quarkus:quarkus-reactive-pg-client", "io.quarkus:quarkus-reactive-datasource", "io.quarkus:quarkus-datasource", "io.quarkus:quarkus-vertx", "io.quarkus:quarkus-netty", "io.quarkus:quarkus-mutiny", "io.quarkus:quarkus-smallrye-context-propagation", "io.quarkus:quarkus-flyway", "io.quarkus:quarkus-agroal", "io.quarkus:quarkus-narayana-jta", "io.quarkus:quarkus-jdbc-postgresql" ],
      "guide" : "https://quarkus.io/version/2.13/guides/kogito"
    },
    "artifact" : "org.kie.kogito:kogito-addons-quarkus-persistence-postgresql::jar:1.41.0.Final",
    "origins" : [ "io.quarkus.platform:quarkus-kogito-bom-quarkus-platform-descriptor:2.16.9.Final:json:2.16.9.Final" ]
  }, {
    "name" : "Kogito Add-On Persistence Rocksdb",
    "description" : "Kogito Add-On support for persistence on Rocksdb",
    "metadata" : {
      "built-with-quarkus-core" : "2.16.7.Final",
      "keywords" : [ "kogito", "persistence", "rocksdb", "process" ],
      "capabilities" : {
        "provides" : [ "org.kie.kogito.addons.persistence.rocksdb" ]
      },
      "categories" : [ "business-automation" ],
      "extension-dependencies" : [ "io.quarkus:quarkus-arc", "io.quarkus:quarkus-core" ],
      "guide" : "https://quarkus.io/version/2.13/guides/kogito"
    },
    "artifact" : "org.kie.kogito:kogito-addons-quarkus-persistence-rocksdb::jar:1.41.0.Final",
    "origins" : [ "io.quarkus.platform:quarkus-kogito-bom-quarkus-platform-descriptor:2.16.9.Final:json:2.16.9.Final" ]
  }, {
    "name" : "Kogito Add-On Process Management",
    "description" : "Kogito Process Management REST API",
    "metadata" : {
      "built-with-quarkus-core" : "2.16.7.Final",
      "keywords" : [ "kogito", "process", "management" ],
      "capabilities" : {
        "provides" : [ "org.kie.kogito.addons.process.management" ]
      },
      "categories" : [ "business-automation" ],
      "extension-dependencies" : [ "io.quarkus:quarkus-arc", "io.quarkus:quarkus-core" ],
      "guide" : "https://quarkus.io/version/2.13/guides/kogito"
    },
    "artifact" : "org.kie.kogito:kogito-addons-quarkus-process-management::jar:1.41.0.Final",
    "origins" : [ "io.quarkus.platform:quarkus-kogito-bom-quarkus-platform-descriptor:2.16.9.Final:json:2.16.9.Final" ]
  }, {
    "name" : "Kogito Add-On Process SVG",
    "description" : "Kogito Add-On for SVG process generation",
    "metadata" : {
      "built-with-quarkus-core" : "2.16.7.Final",
      "keywords" : [ "kogito", "process", "svg" ],
      "capabilities" : {
        "provides" : [ "org.kie.kogito.addons.process.svg" ]
      },
      "categories" : [ "business-automation" ],
      "extension-dependencies" : [ "io.quarkus:quarkus-arc", "io.quarkus:quarkus-core", "io.quarkus:quarkus-security" ],
      "guide" : "https://quarkus.io/version/2.13/guides/kogito"
    },
    "artifact" : "org.kie.kogito:kogito-addons-quarkus-process-svg::jar:1.41.0.Final",
    "origins" : [ "io.quarkus.platform:quarkus-kogito-bom-quarkus-platform-descriptor:2.16.9.Final:json:2.16.9.Final" ]
  }, {
    "name" : "Kogito:: Addons :: Quarkus:: Serverless Workflow:: Python:: Runtime",
    "description" : "Python support for serverless workflow",
    "metadata" : {
      "minimum-java-version" : "11",
      "built-with-quarkus-core" : "2.16.7.Final",
      "extension-dependencies" : [ "io.quarkus:quarkus-arc", "io.quarkus:quarkus-core" ]
    },
    "artifact" : "org.kie.kogito:kogito-addons-quarkus-serverless-workflow-python::jar:1.41.0.Final",
    "origins" : [ "io.quarkus.platform:quarkus-kogito-bom-quarkus-platform-descriptor:2.16.9.Final:json:2.16.9.Final" ]
  }, {
    "name" : "Kogito Add-On Source Files",
    "description" : "Provides access to source files for Quarkus",
    "metadata" : {
      "built-with-quarkus-core" : "2.16.7.Final",
      "extension-dependencies" : [ "io.quarkus:quarkus-arc", "io.quarkus:quarkus-core", "io.quarkus:quarkus-jackson", "io.quarkus:quarkus-elytron-security-properties-file", "io.quarkus:quarkus-elytron-security", "io.quarkus:quarkus-elytron-security-common", "io.quarkus:quarkus-vertx-http", "io.quarkus:quarkus-mutiny", "io.quarkus:quarkus-smallrye-context-propagation", "io.quarkus:quarkus-vertx", "io.quarkus:quarkus-netty", "io.quarkus:quarkus-security" ],
      "capabilities" : {
        "provides" : [ "org.kie.kogito.addons.source.files" ]
      }
    },
    "artifact" : "org.kie.kogito:kogito-addons-quarkus-source-files::jar:1.41.0.Final",
    "origins" : [ "io.quarkus.platform:quarkus-kogito-bom-quarkus-platform-descriptor:2.16.9.Final:json:2.16.9.Final" ]
  }, {
    "name" : "Kogito Add-On Task Management",
    "description" : "Kogito Add-On Task Management REST API",
    "metadata" : {
      "built-with-quarkus-core" : "2.16.7.Final",
      "keywords" : [ "kogito", "process", "task" ],
      "capabilities" : {
        "provides" : [ "org.kie.kogito.addons.task.management" ]
      },
      "categories" : [ "business-automation" ],
      "extension-dependencies" : [ "io.quarkus:quarkus-arc", "io.quarkus:quarkus-core" ],
      "guide" : "https://quarkus.io/version/2.13/guides/kogito"
    },
    "artifact" : "org.kie.kogito:kogito-addons-quarkus-task-management::jar:1.41.0.Final",
    "origins" : [ "io.quarkus.platform:quarkus-kogito-bom-quarkus-platform-descriptor:2.16.9.Final:json:2.16.9.Final" ]
  }, {
    "name" : "Kogito Add-On Task Notification",
    "description" : "Kogito Add-On to handle tasks notifications",
    "metadata" : {
      "built-with-quarkus-core" : "2.16.7.Final",
      "keywords" : [ "kogito", "process", "task", "notification", "BPMN" ],
      "capabilities" : {
        "provides" : [ "org.kie.kogito.addons.task.notification" ]
      },
      "categories" : [ "business-automation" ],
      "extension-dependencies" : [ "io.quarkus:quarkus-arc", "io.quarkus:quarkus-core" ],
      "guide" : "https://quarkus.io/version/2.13/guides/kogito"
    },
    "artifact" : "org.kie.kogito:kogito-addons-quarkus-task-notification::jar:1.41.0.Final",
    "origins" : [ "io.quarkus.platform:quarkus-kogito-bom-quarkus-platform-descriptor:2.16.9.Final:json:2.16.9.Final" ]
  }, {
    "name" : "Kogito Add-On Tracing Decision",
    "description" : "Kogito Add-On to enable tracing decisions projects",
    "metadata" : {
      "built-with-quarkus-core" : "2.16.7.Final",
      "keywords" : [ "kogito", "decisions", "dmn", "tracing" ],
      "capabilities" : {
        "provides" : [ "org.kie.kogito.addons.tracing.decision" ]
      },
      "categories" : [ "business-automation" ],
      "extension-dependencies" : [ "io.quarkus:quarkus-resteasy-jackson", "io.quarkus:quarkus-resteasy", "io.quarkus:quarkus-vertx-http", "io.quarkus:quarkus-resteasy-server-common", "io.quarkus:quarkus-resteasy-common", "io.quarkus:quarkus-jackson", "io.quarkus:quarkus-smallrye-reactive-messaging-kafka", "io.quarkus:quarkus-kafka-client", "io.quarkus:quarkus-caffeine", "io.quarkus:quarkus-smallrye-reactive-messaging", "io.quarkus:quarkus-mutiny-reactive-streams-operators", "io.quarkus:quarkus-datasource", "io.quarkus:quarkus-core", "io.quarkus:quarkus-arc", "io.quarkus:quarkus-jdbc-postgresql", "io.quarkus:quarkus-vertx", "io.quarkus:quarkus-netty", "io.quarkus:quarkus-mutiny", "io.quarkus:quarkus-smallrye-context-propagation", "org.kie.kogito:kogito-addons-quarkus-explainability" ],
      "guide" : "https://quarkus.io/version/2.13/guides/kogito-dmn"
    },
    "artifact" : "org.kie.kogito:kogito-addons-quarkus-tracing-decision::jar:1.41.0.Final",
    "origins" : [ "io.quarkus.platform:quarkus-kogito-bom-quarkus-platform-descriptor:2.16.9.Final:json:2.16.9.Final" ]
  }, {
    "name" : "Kogito - Decisions (DMN)",
    "description" : "Add Kogito decision (DMN) capabilities - Include Drools DMN engine",
    "metadata" : {
      "codestart" : {
        "name" : "kogito-dmn-codestart",
        "languages" : [ "java" ],
        "artifact" : "org.kie.kogito:kogito-quarkus-decisions:codestarts:jar:1.41.0.Final"
      },
      "built-with-quarkus-core" : "2.16.7.Final",
      "capabilities" : {
        "provides" : [ "org.kie.kogito.decisions" ]
      },
      "guide" : "https://quarkus.io/version/2.13/guides/kogito-dmn",
      "keywords" : [ "kogito", "drools", "decisions", "DMN" ],
      "extension-dependencies" : [ "io.quarkus:quarkus-core", "io.quarkus:quarkus-jackson", "io.quarkus:quarkus-arc" ],
      "categories" : [ "business-automation" ]
    },
    "artifact" : "org.kie.kogito:kogito-quarkus-decisions::jar:1.41.0.Final",
    "origins" : [ "io.quarkus.platform:quarkus-kogito-bom-quarkus-platform-descriptor:2.16.9.Final:json:2.16.9.Final" ]
  }, {
    "name" : "Kogito - Predictions (PMML)",
    "description" : "Add Kogito predictions (PMML) capabilities - Include Drools PMML engine",
    "metadata" : {
      "built-with-quarkus-core" : "2.16.7.Final",
      "keywords" : [ "kogito", "drools", "predictions", "PMML" ],
      "capabilities" : {
        "provides" : [ "org.kie.kogito.predictions" ]
      },
      "categories" : [ "business-automation" ],
      "extension-dependencies" : [ "io.quarkus:quarkus-core", "io.quarkus:quarkus-jackson", "io.quarkus:quarkus-arc" ],
      "guide" : "https://quarkus.io/version/2.13/guides/kogito-pmml"
    },
    "artifact" : "org.kie.kogito:kogito-quarkus-predictions::jar:1.41.0.Final",
    "origins" : [ "io.quarkus.platform:quarkus-kogito-bom-quarkus-platform-descriptor:2.16.9.Final:json:2.16.9.Final" ]
  }, {
    "name" : "Kogito - Process (jBPM)",
    "description" : "Add Kogito Processes capabilities - Includes Process (jBPM) Engine",
    "metadata" : {
      "built-with-quarkus-core" : "2.16.7.Final",
      "keywords" : [ "kogito", "jbpm", "processes", "bpm", "bpmn", "BPMN2" ],
      "capabilities" : {
        "provides" : [ "org.kie.kogito.processes" ]
      },
      "categories" : [ "business-automation" ],
      "extension-dependencies" : [ "io.quarkus:quarkus-core", "io.quarkus:quarkus-jackson", "io.quarkus:quarkus-arc" ],
      "guide" : "https://quarkus.io/version/2.13/guides/kogito"
    },
    "artifact" : "org.kie.kogito:kogito-quarkus-processes::jar:1.41.0.Final",
    "origins" : [ "io.quarkus.platform:quarkus-kogito-bom-quarkus-platform-descriptor:2.16.9.Final:json:2.16.9.Final" ]
  }, {
    "name" : "Kogito - Rules (DRL)",
    "description" : "Add Kogito rules (DRL) capabilities - Include Drools engine",
    "metadata" : {
      "built-with-quarkus-core" : "2.16.7.Final",
      "keywords" : [ "kogito", "drools", "rules", "DRL" ],
      "capabilities" : {
        "provides" : [ "org.kie.kogito.rules" ]
      },
      "categories" : [ "business-automation" ],
      "extension-dependencies" : [ "io.quarkus:quarkus-core", "io.quarkus:quarkus-jackson", "io.quarkus:quarkus-arc" ],
      "guide" : "https://quarkus.io/version/2.13/guides/kogito-drl"
    },
    "artifact" : "org.kie.kogito:kogito-quarkus-rules::jar:1.41.0.Final",
    "origins" : [ "io.quarkus.platform:quarkus-kogito-bom-quarkus-platform-descriptor:2.16.9.Final:json:2.16.9.Final" ]
  }, {
    "name" : "Serverless Workflow Tools",
    "description" : "Runtime development tools for Serverless Workflows",
    "metadata" : {
      "status" : "preview",
      "built-with-quarkus-core" : "2.16.7.Final",
      "keywords" : [ "kogito", "workflows" ],
      "categories" : [ "business-automation" ],
      "extension-dependencies" : [ "io.quarkus:quarkus-core", "io.quarkus:quarkus-resteasy", "io.quarkus:quarkus-vertx-http", "io.quarkus:quarkus-mutiny", "io.quarkus:quarkus-smallrye-context-propagation", "io.quarkus:quarkus-vertx", "io.quarkus:quarkus-netty", "io.quarkus:quarkus-resteasy-server-common", "io.quarkus:quarkus-resteasy-jackson", "io.quarkus:quarkus-jackson", "io.quarkus:quarkus-rest-client", "io.quarkus:quarkus-resteasy-common", "io.quarkus:quarkus-apache-httpclient", "io.quarkus:quarkus-rest-client-config", "io.quarkus:quarkus-resteasy-multipart", "io.quarkus:quarkus-arc", "io.quarkus:quarkus-undertow" ],
      "guide" : "https://quarkus.io/guides/kogito"
    },
    "artifact" : "org.kie.kogito:kogito-quarkus-serverless-workflow-devui::jar:1.41.0.Final",
    "origins" : [ "io.quarkus.platform:quarkus-kogito-bom-quarkus-platform-descriptor:2.16.9.Final:json:2.16.9.Final" ]
  }, {
    "name" : "Kogito - Serverless Workflow",
    "description" : "Add Kogito Serverless Workflows (SW) capabilities - Includes the Process engine capability",
    "metadata" : {
      "built-with-quarkus-core" : "2.16.7.Final",
      "status" : "preview",
      "codestart" : {
        "name" : "kogito-serverless-workflow-codestart",
        "languages" : [ "java" ],
        "artifact" : "org.kie.kogito:kogito-quarkus-serverless-workflow:codestarts:jar:1.41.0.Final"
      },
      "capabilities" : {
        "provides" : [ "org.kie.kogito.serverless-workflow" ]
      },
      "extension-dependencies" : [ "io.quarkus:quarkus-cache", "io.quarkus:quarkus-arc", "io.quarkus:quarkus-caffeine", "io.quarkus:quarkus-mutiny", "io.quarkus:quarkus-smallrye-context-propagation", "io.quarkus:quarkus-rest-client", "io.quarkus:quarkus-core", "io.quarkus:quarkus-resteasy-common", "io.quarkus:quarkus-apache-httpclient", "io.quarkus:quarkus-rest-client-config", "io.quarkus:quarkus-rest-client-jackson", "io.quarkus:quarkus-jackson", "io.quarkus:quarkus-smallrye-openapi", "io.quarkus:quarkus-vertx-http", "io.quarkus:quarkus-swagger-ui", "io.quarkus:quarkus-grpc", "io.quarkus:quarkus-grpc-common", "io.quarkus:quarkus-smallrye-stork", "org.kie.kogito:kogito-addons-quarkus-messaging", "io.quarkus:quarkus-smallrye-reactive-messaging", "io.quarkus:quarkus-mutiny-reactive-streams-operators", "io.quarkus:quarkus-vertx", "io.quarkus:quarkus-netty", "io.quarkiverse.reactivemessaging.http:quarkus-reactive-messaging-http", "io.quarkus:quarkus-reactive-routes", "io.quarkiverse.jackson-jq:quarkus-jackson-jq", "io.quarkiverse.openapi.generator:quarkus-openapi-generator", "io.quarkus:quarkus-qute", "io.quarkiverse.asyncapi:quarkus-asyncapi" ],
      "keywords" : [ "kogito", "serverless workflow", "serverless", "workflow", "SW" ],
      "guide" : "https://quarkus.io/version/2.13/guides/kogito",
      "categories" : [ "business-automation" ]
    },
    "artifact" : "org.kie.kogito:kogito-quarkus-serverless-workflow::jar:1.41.0.Final",
    "origins" : [ "io.quarkus.platform:quarkus-kogito-bom-quarkus-platform-descriptor:2.16.9.Final:json:2.16.9.Final" ]
  }, {
    "name" : "Kogito",
    "description" : "Add business automation capabilities - processes and rules with Kogito (a toolkit that originates from projects Drools and jBPM)",
    "metadata" : {
      "keywords" : [ "kogito", "drools", "jbpm", "processes", "rules", "decisions", "DMN" ],
      "guide" : "https://quarkus.io/version/2.13/guides/kogito",
      "categories" : [ "business-automation" ],
      "built-with-quarkus-core" : "2.16.7.Final",
      "extension-dependencies" : [ "org.kie.kogito:kogito-quarkus-processes", "io.quarkus:quarkus-arc", "org.kie.kogito:kogito-quarkus-rules", "io.quarkus:quarkus-core", "io.quarkus:quarkus-jackson", "org.kie.kogito:kogito-quarkus-decisions", "org.kie.kogito:kogito-quarkus-predictions" ]
    },
    "artifact" : "org.kie.kogito:kogito-quarkus::jar:1.41.0.Final",
    "origins" : [ "io.quarkus.platform:quarkus-kogito-bom-quarkus-platform-descriptor:2.16.9.Final:json:2.16.9.Final" ]
  }, {
    "name" : "Kogito Runtime Tools",
    "description" : "Runtime development tools for Kogito projects",
    "metadata" : {
      "status" : "preview",
      "built-with-quarkus-core" : "2.16.7.Final",
      "keywords" : [ "kogito", "drools", "jbpm", "processes", "rules", "decisions" ],
      "categories" : [ "business-automation" ],
      "extension-dependencies" : [ "io.quarkus:quarkus-core", "io.quarkus:quarkus-resteasy", "io.quarkus:quarkus-vertx-http", "io.quarkus:quarkus-mutiny", "io.quarkus:quarkus-smallrye-context-propagation", "io.quarkus:quarkus-vertx", "io.quarkus:quarkus-netty", "io.quarkus:quarkus-resteasy-server-common", "io.quarkus:quarkus-resteasy-jackson", "io.quarkus:quarkus-jackson", "io.quarkus:quarkus-rest-client", "io.quarkus:quarkus-resteasy-common", "io.quarkus:quarkus-apache-httpclient", "io.quarkus:quarkus-rest-client-config", "io.quarkus:quarkus-resteasy-multipart", "io.quarkus:quarkus-arc", "io.quarkus:quarkus-undertow" ],
      "guide" : "https://quarkus.io/guides/kogito"
    },
    "artifact" : "org.kie.kogito:runtime-tools-quarkus-extension::jar:1.41.0.Final",
    "origins" : [ "io.quarkus.platform:quarkus-kogito-bom-quarkus-platform-descriptor:2.16.9.Final:json:2.16.9.Final" ]
  } ],
  "categories" : [ {
    "id" : "integration",
    "name" : "Integration",
    "description" : "Connectors to read to write from a skew of systems (file, S#, Twitter, etc)",
    "metadata" : {
      "pinned" : [ "org.apache.camel.quarkus:camel-quarkus-core", "org.apache.camel.quarkus:camel-quarkus-core-xml" ]
    }
  }, {
    "id" : "business-automation",
    "name" : "Business Automation",
    "description" : "Rules engine, BPM, etc"
  } ],
  "metadata" : {
    "last-bom-update" : "io.quarkus.platform:quarkus-kogito-bom:2.16.9.Final",
    "platform-release" : {
      "platform-key" : "io.quarkus.platform",
      "stream" : "2.16",
      "version" : "2.16.9.Final",
      "members" : [ "io.quarkus.platform:quarkus-bom-quarkus-platform-descriptor:2.16.9.Final:json:2.16.9.Final", "io.quarkus.platform:quarkus-drools-bom-quarkus-platform-descriptor:2.16.9.Final:json:2.16.9.Final", "io.quarkus.platform:quarkus-optaplanner-bom-quarkus-platform-descriptor:2.16.9.Final:json:2.16.9.Final", "io.quarkus.platform:quarkus-kogito-bom-quarkus-platform-descriptor:2.16.9.Final:json:2.16.9.Final", "io.quarkus.platform:quarkus-qpid-jms-bom-quarkus-platform-descriptor:2.16.9.Final:json:2.16.9.Final", "io.quarkus.platform:quarkus-cassandra-bom-quarkus-platform-descriptor:2.16.9.Final:json:2.16.9.Final", "io.quarkus.platform:quarkus-amazon-services-bom-quarkus-platform-descriptor:2.16.9.Final:json:2.16.9.Final", "io.quarkus.platform:quarkus-camel-bom-quarkus-platform-descriptor:2.16.9.Final:json:2.16.9.Final", "io.quarkus.platform:quarkus-hazelcast-client-quarkus-platform-descriptor:2.16.9.Final:json:2.16.9.Final", "io.quarkus.platform:quarkus-debezium-bom-quarkus-platform-descriptor:2.16.9.Final:json:2.16.9.Final", "io.quarkus.platform:quarkus-blaze-persistence-bom-quarkus-platform-descriptor:2.16.9.Final:json:2.16.9.Final", "io.quarkus.platform:quarkus-google-cloud-services-bom-quarkus-platform-descriptor:2.16.9.Final:json:2.16.9.Final", "io.quarkus.platform:quarkus-operator-sdk-bom-quarkus-platform-descriptor:2.16.9.Final:json:2.16.9.Final" ]
    }
  }
}