{
  "id" : "io.quarkus.platform:quarkus-drools-bom-quarkus-platform-descriptor:2.16.9.Final:json:2.16.9.Final",
  "platform" : true,
  "bom" : "io.quarkus.platform:quarkus-drools-bom::pom:2.16.9.Final",
  "quarkus-core-version" : "2.16.9.Final",
  "categories" : [ {
    "id" : "integration",
    "name" : "Integration",
    "description" : "Connectors to read to write from a skew of systems (file, S#, Twitter, etc)",
    "metadata" : {
      "pinned" : [ "org.apache.camel.quarkus:camel-quarkus-core", "org.apache.camel.quarkus:camel-quarkus-core-xml" ]
    }
  }, {
    "id" : "business-automation",
    "name" : "Business Automation",
    "description" : "Rules engine, BPM, etc"
  } ],
  "metadata" : {
    "last-bom-update" : "io.quarkus.platform:quarkus-drools-bom:2.16.9.Final",
    "platform-release" : {
      "platform-key" : "io.quarkus.platform",
      "stream" : "2.16",
      "version" : "2.16.9.Final",
      "members" : [ "io.quarkus.platform:quarkus-bom-quarkus-platform-descriptor:2.16.9.Final:json:2.16.9.Final", "io.quarkus.platform:quarkus-drools-bom-quarkus-platform-descriptor:2.16.9.Final:json:2.16.9.Final", "io.quarkus.platform:quarkus-optaplanner-bom-quarkus-platform-descriptor:2.16.9.Final:json:2.16.9.Final", "io.quarkus.platform:quarkus-kogito-bom-quarkus-platform-descriptor:2.16.9.Final:json:2.16.9.Final", "io.quarkus.platform:quarkus-qpid-jms-bom-quarkus-platform-descriptor:2.16.9.Final:json:2.16.9.Final", "io.quarkus.platform:quarkus-cassandra-bom-quarkus-platform-descriptor:2.16.9.Final:json:2.16.9.Final", "io.quarkus.platform:quarkus-amazon-services-bom-quarkus-platform-descriptor:2.16.9.Final:json:2.16.9.Final", "io.quarkus.platform:quarkus-camel-bom-quarkus-platform-descriptor:2.16.9.Final:json:2.16.9.Final", "io.quarkus.platform:quarkus-hazelcast-client-quarkus-platform-descriptor:2.16.9.Final:json:2.16.9.Final", "io.quarkus.platform:quarkus-debezium-bom-quarkus-platform-descriptor:2.16.9.Final:json:2.16.9.Final", "io.quarkus.platform:quarkus-blaze-persistence-bom-quarkus-platform-descriptor:2.16.9.Final:json:2.16.9.Final", "io.quarkus.platform:quarkus-google-cloud-services-bom-quarkus-platform-descriptor:2.16.9.Final:json:2.16.9.Final", "io.quarkus.platform:quarkus-operator-sdk-bom-quarkus-platform-descriptor:2.16.9.Final:json:2.16.9.Final" ]
    }
  }
}