{
  "platforms" : [ {
    "platform-key" : "io.quarkus.platform",
    "name" : "Quarkus Community Platform",
    "streams" : [ {
      "id" : "2.16",
      "releases" : [ {
        "version" : "2.16.9.Final",
        "member-boms" : [ "io.quarkus.platform:quarkus-bom::pom:2.16.9.Final", "io.quarkus.platform:quarkus-drools-bom::pom:2.16.9.Final", "io.quarkus.platform:quarkus-optaplanner-bom::pom:2.16.9.Final", "io.quarkus.platform:quarkus-kogito-bom::pom:2.16.9.Final", "io.quarkus.platform:quarkus-qpid-jms-bom::pom:2.16.9.Final", "io.quarkus.platform:quarkus-cassandra-bom::pom:2.16.9.Final", "io.quarkus.platform:quarkus-amazon-services-bom::pom:2.16.9.Final", "io.quarkus.platform:quarkus-camel-bom::pom:2.16.9.Final", "io.quarkus.platform:quarkus-hazelcast-client::pom:2.16.9.Final", "io.quarkus.platform:quarkus-debezium-bom::pom:2.16.9.Final", "io.quarkus.platform:quarkus-blaze-persistence-bom::pom:2.16.9.Final", "io.quarkus.platform:quarkus-google-cloud-services-bom::pom:2.16.9.Final", "io.quarkus.platform:quarkus-operator-sdk-bom::pom:2.16.9.Final" ],
        "quarkus-core-version" : "2.16.9.Final"
      } ]
    } ],
    "current-stream-id" : "2.16"
  } ]
}