{
  "id" : "io.quarkus.platform:quarkus-cassandra-bom-quarkus-platform-descriptor:2.16.10.Final:json:2.16.10.Final",
  "platform" : true,
  "bom" : "io.quarkus.platform:quarkus-cassandra-bom::pom:2.16.10.Final",
  "quarkus-core-version" : "2.16.10.Final",
  "extensions" : [ {
    "name" : "DataStax Apache Cassandra client",
    "description" : "Connect to Apache Cassandra, DataStax Enterprise and DataStax Astra databases",
    "metadata" : {
      "categories" : [ "data" ],
      "keywords" : [ "cassandra", "DataStax", "nosql", "datastore" ],
      "built-with-quarkus-core" : "2.15.0.Final",
      "status" : "preview",
      "guide" : "https://quarkus.io/guides/cassandra",
      "extension-dependencies" : [ "io.quarkus:quarkus-core", "io.quarkus:quarkus-arc", "io.quarkus:quarkus-netty", "io.quarkus:quarkus-mutiny", "io.quarkus:quarkus-smallrye-context-propagation", "io.quarkus:quarkus-vertx", "io.quarkus:quarkus-smallrye-health", "io.quarkus:quarkus-vertx-http", "io.quarkus:quarkus-jsonp" ]
    },
    "artifact" : "com.datastax.oss.quarkus:cassandra-quarkus-client::jar:1.1.3",
    "origins" : [ "io.quarkus.platform:quarkus-cassandra-bom-quarkus-platform-descriptor:2.16.10.Final:json:2.16.10.Final" ]
  } ],
  "categories" : [ {
    "id" : "integration",
    "name" : "Integration",
    "description" : "Connectors to read to write from a skew of systems (file, S#, Twitter, etc)",
    "metadata" : {
      "pinned" : [ "org.apache.camel.quarkus:camel-quarkus-core", "org.apache.camel.quarkus:camel-quarkus-core-xml" ]
    }
  }, {
    "id" : "business-automation",
    "name" : "Business Automation",
    "description" : "Rules engine, BPM, etc"
  } ],
  "metadata" : {
    "last-bom-update" : "io.quarkus.platform:quarkus-cassandra-bom:2.16.0.CR1",
    "platform-release" : {
      "platform-key" : "io.quarkus.platform",
      "stream" : "2.16",
      "version" : "2.16.10.Final",
      "members" : [ "io.quarkus.platform:quarkus-bom-quarkus-platform-descriptor:2.16.10.Final:json:2.16.10.Final", "io.quarkus.platform:quarkus-drools-bom-quarkus-platform-descriptor:2.16.10.Final:json:2.16.10.Final", "io.quarkus.platform:quarkus-optaplanner-bom-quarkus-platform-descriptor:2.16.10.Final:json:2.16.10.Final", "io.quarkus.platform:quarkus-kogito-bom-quarkus-platform-descriptor:2.16.10.Final:json:2.16.10.Final", "io.quarkus.platform:quarkus-qpid-jms-bom-quarkus-platform-descriptor:2.16.10.Final:json:2.16.10.Final", "io.quarkus.platform:quarkus-cassandra-bom-quarkus-platform-descriptor:2.16.10.Final:json:2.16.10.Final", "io.quarkus.platform:quarkus-amazon-services-bom-quarkus-platform-descriptor:2.16.10.Final:json:2.16.10.Final", "io.quarkus.platform:quarkus-camel-bom-quarkus-platform-descriptor:2.16.10.Final:json:2.16.10.Final", "io.quarkus.platform:quarkus-hazelcast-client-quarkus-platform-descriptor:2.16.10.Final:json:2.16.10.Final", "io.quarkus.platform:quarkus-debezium-bom-quarkus-platform-descriptor:2.16.10.Final:json:2.16.10.Final", "io.quarkus.platform:quarkus-blaze-persistence-bom-quarkus-platform-descriptor:2.16.10.Final:json:2.16.10.Final", "io.quarkus.platform:quarkus-google-cloud-services-bom-quarkus-platform-descriptor:2.16.10.Final:json:2.16.10.Final", "io.quarkus.platform:quarkus-operator-sdk-bom-quarkus-platform-descriptor:2.16.10.Final:json:2.16.10.Final" ]
    }
  }
}