<?xml version="1.0" encoding="UTF-8"?>
<metadata>
  <groupId>io.quarkus.registry</groupId>
  <artifactId>quarkus-non-platform-extensions</artifactId>
  <versioning>
    <lastUpdated>20230908121009</lastUpdated>
    <snapshot>
      <timestamp>20230908.121009</timestamp>
      <buildNumber>1</buildNumber>
    </snapshot>
    <snapshotVersions>
      <snapshotVersion>
        <extension>pom</extension>
        <value>1.0-20230908.121009-1</value>
        <updated>20230908121009</updated>
      </snapshotVersion>
      <snapshotVersion>
        <extension>json</extension>
        <value>1.0-20230908.121009-1</value>
        <updated>20230908121009</updated>
      </snapshotVersion>
      <snapshotVersion>
        <classifier>2.1.0.CR1</classifier>
        <extension>json</extension>
        <value>1.0-20230908.121009-1</value>
        <updated>20230908121009</updated>
      </snapshotVersion>
      <snapshotVersion>
        <classifier>2.1.0.Final</classifier>
        <extension>json</extension>
        <value>1.0-20230908.121009-1</value>
        <updated>20230908121009</updated>
      </snapshotVersion>
      <snapshotVersion>
        <classifier>2.1.1.Final</classifier>
        <extension>json</extension>
        <value>1.0-20230908.121009-1</value>
        <updated>20230908121009</updated>
      </snapshotVersion>
      <snapshotVersion>
        <classifier>2.1.2.Final</classifier>
        <extension>json</extension>
        <value>1.0-20230908.121009-1</value>
        <updated>20230908121009</updated>
      </snapshotVersion>
      <snapshotVersion>
        <classifier>2.1.3.Final</classifier>
        <extension>json</extension>
        <value>1.0-20230908.121009-1</value>
        <updated>20230908121009</updated>
      </snapshotVersion>
      <snapshotVersion>
        <classifier>2.1.4.Final</classifier>
        <extension>json</extension>
        <value>1.0-20230908.121009-1</value>
        <updated>20230908121009</updated>
      </snapshotVersion>
      <snapshotVersion>
        <classifier>2.2.0.CR1</classifier>
        <extension>json</extension>
        <value>1.0-20230908.121009-1</value>
        <updated>20230908121009</updated>
      </snapshotVersion>
      <snapshotVersion>
        <classifier>2.2.1.Final</classifier>
        <extension>json</extension>
        <value>1.0-20230908.121009-1</value>
        <updated>20230908121009</updated>
      </snapshotVersion>
      <snapshotVersion>
        <classifier>2.2.2.Final</classifier>
        <extension>json</extension>
        <value>1.0-20230908.121009-1</value>
        <updated>20230908121009</updated>
      </snapshotVersion>
      <snapshotVersion>
        <classifier>2.2.3.Final</classifier>
        <extension>json</extension>
        <value>1.0-20230908.121009-1</value>
        <updated>20230908121009</updated>
      </snapshotVersion>
      <snapshotVersion>
        <classifier>2.2.4.Final</classifier>
        <extension>json</extension>
        <value>1.0-20230908.121009-1</value>
        <updated>20230908121009</updated>
      </snapshotVersion>
      <snapshotVersion>
        <classifier>2.2.5.Final</classifier>
        <extension>json</extension>
        <value>1.0-20230908.121009-1</value>
        <updated>20230908121009</updated>
      </snapshotVersion>
      <snapshotVersion>
        <classifier>2.3.0.CR1</classifier>
        <extension>json</extension>
        <value>1.0-20230908.121009-1</value>
        <updated>20230908121009</updated>
      </snapshotVersion>
      <snapshotVersion>
        <classifier>2.3.0.Final</classifier>
        <extension>json</extension>
        <value>1.0-20230908.121009-1</value>
        <updated>20230908121009</updated>
      </snapshotVersion>
      <snapshotVersion>
        <classifier>2.3.1.Final</classifier>
        <extension>json</extension>
        <value>1.0-20230908.121009-1</value>
        <updated>20230908121009</updated>
      </snapshotVersion>
      <snapshotVersion>
        <classifier>2.4.0.CR1</classifier>
        <extension>json</extension>
        <value>1.0-20230908.121009-1</value>
        <updated>20230908121009</updated>
      </snapshotVersion>
      <snapshotVersion>
        <classifier>2.4.0.Final</classifier>
        <extension>json</extension>
        <value>1.0-20230908.121009-1</value>
        <updated>20230908121009</updated>
      </snapshotVersion>
      <snapshotVersion>
        <classifier>2.4.1.Final</classifier>
        <extension>json</extension>
        <value>1.0-20230908.121009-1</value>
        <updated>20230908121009</updated>
      </snapshotVersion>
      <snapshotVersion>
        <classifier>2.4.2.Final</classifier>
        <extension>json</extension>
        <value>1.0-20230908.121009-1</value>
        <updated>20230908121009</updated>
      </snapshotVersion>
      <snapshotVersion>
        <classifier>2.5.0.CR1</classifier>
        <extension>json</extension>
        <value>1.0-20230908.121009-1</value>
        <updated>20230908121009</updated>
      </snapshotVersion>
      <snapshotVersion>
        <classifier>2.5.0.Final</classifier>
        <extension>json</extension>
        <value>1.0-20230908.121009-1</value>
        <updated>20230908121009</updated>
      </snapshotVersion>
      <snapshotVersion>
        <classifier>2.5.1.Final</classifier>
        <extension>json</extension>
        <value>1.0-20230908.121009-1</value>
        <updated>20230908121009</updated>
      </snapshotVersion>
      <snapshotVersion>
        <classifier>2.5.2.Final</classifier>
        <extension>json</extension>
        <value>1.0-20230908.121009-1</value>
        <updated>20230908121009</updated>
      </snapshotVersion>
      <snapshotVersion>
        <classifier>2.5.3.Final</classifier>
        <extension>json</extension>
        <value>1.0-20230908.121009-1</value>
        <updated>20230908121009</updated>
      </snapshotVersion>
      <snapshotVersion>
        <classifier>2.5.4.Final</classifier>
        <extension>json</extension>
        <value>1.0-20230908.121009-1</value>
        <updated>20230908121009</updated>
      </snapshotVersion>
      <snapshotVersion>
        <classifier>2.6.0.CR1</classifier>
        <extension>json</extension>
        <value>1.0-20230908.121009-1</value>
        <updated>20230908121009</updated>
      </snapshotVersion>
      <snapshotVersion>
        <classifier>2.6.0.Final</classifier>
        <extension>json</extension>
        <value>1.0-20230908.121009-1</value>
        <updated>20230908121009</updated>
      </snapshotVersion>
      <snapshotVersion>
        <classifier>2.6.1.Final</classifier>
        <extension>json</extension>
        <value>1.0-20230908.121009-1</value>
        <updated>20230908121009</updated>
      </snapshotVersion>
      <snapshotVersion>
        <classifier>2.6.2.Final</classifier>
        <extension>json</extension>
        <value>1.0-20230908.121009-1</value>
        <updated>20230908121009</updated>
      </snapshotVersion>
      <snapshotVersion>
        <classifier>2.6.3.Final</classifier>
        <extension>json</extension>
        <value>1.0-20230908.121009-1</value>
        <updated>20230908121009</updated>
      </snapshotVersion>
      <snapshotVersion>
        <classifier>2.7.0.CR1</classifier>
        <extension>json</extension>
        <value>1.0-20230908.121009-1</value>
        <updated>20230908121009</updated>
      </snapshotVersion>
      <snapshotVersion>
        <classifier>2.7.0.Final</classifier>
        <extension>json</extension>
        <value>1.0-20230908.121009-1</value>
        <updated>20230908121009</updated>
      </snapshotVersion>
      <snapshotVersion>
        <classifier>2.7.1.Final</classifier>
        <extension>json</extension>
        <value>1.0-20230908.121009-1</value>
        <updated>20230908121009</updated>
      </snapshotVersion>
      <snapshotVersion>
        <classifier>2.7.2.Final</classifier>
        <extension>json</extension>
        <value>1.0-20230908.121009-1</value>
        <updated>20230908121009</updated>
      </snapshotVersion>
      <snapshotVersion>
        <classifier>2.7.3.Final</classifier>
        <extension>json</extension>
        <value>1.0-20230908.121009-1</value>
        <updated>20230908121009</updated>
      </snapshotVersion>
      <snapshotVersion>
        <classifier>2.7.4.Final</classifier>
        <extension>json</extension>
        <value>1.0-20230908.121009-1</value>
        <updated>20230908121009</updated>
      </snapshotVersion>
      <snapshotVersion>
        <classifier>2.7.5.Final</classifier>
        <extension>json</extension>
        <value>1.0-20230908.121009-1</value>
        <updated>20230908121009</updated>
      </snapshotVersion>
      <snapshotVersion>
        <classifier>2.7.6.Final</classifier>
        <extension>json</extension>
        <value>1.0-20230908.121009-1</value>
        <updated>20230908121009</updated>
      </snapshotVersion>
      <snapshotVersion>
        <classifier>2.7.7.Final</classifier>
        <extension>json</extension>
        <value>1.0-20230908.121009-1</value>
        <updated>20230908121009</updated>
      </snapshotVersion>
      <snapshotVersion>
        <classifier>2.8.0.CR1</classifier>
        <extension>json</extension>
        <value>1.0-20230908.121009-1</value>
        <updated>20230908121009</updated>
      </snapshotVersion>
      <snapshotVersion>
        <classifier>2.8.0.Final</classifier>
        <extension>json</extension>
        <value>1.0-20230908.121009-1</value>
        <updated>20230908121009</updated>
      </snapshotVersion>
      <snapshotVersion>
        <classifier>2.8.1.Final</classifier>
        <extension>json</extension>
        <value>1.0-20230908.121009-1</value>
        <updated>20230908121009</updated>
      </snapshotVersion>
      <snapshotVersion>
        <classifier>2.8.2.Final</classifier>
        <extension>json</extension>
        <value>1.0-20230908.121009-1</value>
        <updated>20230908121009</updated>
      </snapshotVersion>
      <snapshotVersion>
        <classifier>2.8.3.Final</classifier>
        <extension>json</extension>
        <value>1.0-20230908.121009-1</value>
        <updated>20230908121009</updated>
      </snapshotVersion>
      <snapshotVersion>
        <classifier>2.9.0.CR1</classifier>
        <extension>json</extension>
        <value>1.0-20230908.121009-1</value>
        <updated>20230908121009</updated>
      </snapshotVersion>
      <snapshotVersion>
        <classifier>2.9.0.Final</classifier>
        <extension>json</extension>
        <value>1.0-20230908.121009-1</value>
        <updated>20230908121009</updated>
      </snapshotVersion>
      <snapshotVersion>
        <classifier>2.9.1.Final</classifier>
        <extension>json</extension>
        <value>1.0-20230908.121009-1</value>
        <updated>20230908121009</updated>
      </snapshotVersion>
      <snapshotVersion>
        <classifier>2.9.2.Final</classifier>
        <extension>json</extension>
        <value>1.0-20230908.121009-1</value>
        <updated>20230908121009</updated>
      </snapshotVersion>
      <snapshotVersion>
        <classifier>2.10.0.CR1</classifier>
        <extension>json</extension>
        <value>1.0-20230908.121009-1</value>
        <updated>20230908121009</updated>
      </snapshotVersion>
      <snapshotVersion>
        <classifier>2.10.0.Final</classifier>
        <extension>json</extension>
        <value>1.0-20230908.121009-1</value>
        <updated>20230908121009</updated>
      </snapshotVersion>
      <snapshotVersion>
        <classifier>2.10.1.Final</classifier>
        <extension>json</extension>
        <value>1.0-20230908.121009-1</value>
        <updated>20230908121009</updated>
      </snapshotVersion>
      <snapshotVersion>
        <classifier>2.10.2.Final</classifier>
        <extension>json</extension>
        <value>1.0-20230908.121009-1</value>
        <updated>20230908121009</updated>
      </snapshotVersion>
      <snapshotVersion>
        <classifier>2.10.3.Final</classifier>
        <extension>json</extension>
        <value>1.0-20230908.121009-1</value>
        <updated>20230908121009</updated>
      </snapshotVersion>
      <snapshotVersion>
        <classifier>2.10.4.Final</classifier>
        <extension>json</extension>
        <value>1.0-20230908.121009-1</value>
        <updated>20230908121009</updated>
      </snapshotVersion>
      <snapshotVersion>
        <classifier>2.11.0.CR1</classifier>
        <extension>json</extension>
        <value>1.0-20230908.121009-1</value>
        <updated>20230908121009</updated>
      </snapshotVersion>
      <snapshotVersion>
        <classifier>2.11.1.Final</classifier>
        <extension>json</extension>
        <value>1.0-20230908.121009-1</value>
        <updated>20230908121009</updated>
      </snapshotVersion>
      <snapshotVersion>
        <classifier>2.11.2.Final</classifier>
        <extension>json</extension>
        <value>1.0-20230908.121009-1</value>
        <updated>20230908121009</updated>
      </snapshotVersion>
      <snapshotVersion>
        <classifier>2.11.3.Final</classifier>
        <extension>json</extension>
        <value>1.0-20230908.121009-1</value>
        <updated>20230908121009</updated>
      </snapshotVersion>
      <snapshotVersion>
        <classifier>2.12.0.CR1</classifier>
        <extension>json</extension>
        <value>1.0-20230908.121009-1</value>
        <updated>20230908121009</updated>
      </snapshotVersion>
      <snapshotVersion>
        <classifier>2.12.0.Final</classifier>
        <extension>json</extension>
        <value>1.0-20230908.121009-1</value>
        <updated>20230908121009</updated>
      </snapshotVersion>
      <snapshotVersion>
        <classifier>2.12.1.Final</classifier>
        <extension>json</extension>
        <value>1.0-20230908.121009-1</value>
        <updated>20230908121009</updated>
      </snapshotVersion>
      <snapshotVersion>
        <classifier>2.12.2.Final</classifier>
        <extension>json</extension>
        <value>1.0-20230908.121009-1</value>
        <updated>20230908121009</updated>
      </snapshotVersion>
      <snapshotVersion>
        <classifier>2.12.3.Final</classifier>
        <extension>json</extension>
        <value>1.0-20230908.121009-1</value>
        <updated>20230908121009</updated>
      </snapshotVersion>
      <snapshotVersion>
        <classifier>2.13.0.CR1</classifier>
        <extension>json</extension>
        <value>1.0-20230908.121009-1</value>
        <updated>20230908121009</updated>
      </snapshotVersion>
      <snapshotVersion>
        <classifier>2.13.0.Final</classifier>
        <extension>json</extension>
        <value>1.0-20230908.121009-1</value>
        <updated>20230908121009</updated>
      </snapshotVersion>
      <snapshotVersion>
        <classifier>2.13.1.Final</classifier>
        <extension>json</extension>
        <value>1.0-20230908.121009-1</value>
        <updated>20230908121009</updated>
      </snapshotVersion>
      <snapshotVersion>
        <classifier>2.13.2.Final</classifier>
        <extension>json</extension>
        <value>1.0-20230908.121009-1</value>
        <updated>20230908121009</updated>
      </snapshotVersion>
      <snapshotVersion>
        <classifier>2.13.3.Final</classifier>
        <extension>json</extension>
        <value>1.0-20230908.121009-1</value>
        <updated>20230908121009</updated>
      </snapshotVersion>
      <snapshotVersion>
        <classifier>2.13.4.Final</classifier>
        <extension>json</extension>
        <value>1.0-20230908.121009-1</value>
        <updated>20230908121009</updated>
      </snapshotVersion>
      <snapshotVersion>
        <classifier>2.13.5.Final</classifier>
        <extension>json</extension>
        <value>1.0-20230908.121009-1</value>
        <updated>20230908121009</updated>
      </snapshotVersion>
      <snapshotVersion>
        <classifier>2.13.6.Final</classifier>
        <extension>json</extension>
        <value>1.0-20230908.121009-1</value>
        <updated>20230908121009</updated>
      </snapshotVersion>
      <snapshotVersion>
        <classifier>2.13.7.Final</classifier>
        <extension>json</extension>
        <value>1.0-20230908.121009-1</value>
        <updated>20230908121009</updated>
      </snapshotVersion>
      <snapshotVersion>
        <classifier>2.13.8.Final</classifier>
        <extension>json</extension>
        <value>1.0-20230908.121009-1</value>
        <updated>20230908121009</updated>
      </snapshotVersion>
      <snapshotVersion>
        <classifier>2.14.0.CR1</classifier>
        <extension>json</extension>
        <value>1.0-20230908.121009-1</value>
        <updated>20230908121009</updated>
      </snapshotVersion>
      <snapshotVersion>
        <classifier>2.14.0.Final</classifier>
        <extension>json</extension>
        <value>1.0-20230908.121009-1</value>
        <updated>20230908121009</updated>
      </snapshotVersion>
      <snapshotVersion>
        <classifier>2.14.1.Final</classifier>
        <extension>json</extension>
        <value>1.0-20230908.121009-1</value>
        <updated>20230908121009</updated>
      </snapshotVersion>
      <snapshotVersion>
        <classifier>2.14.2.Final</classifier>
        <extension>json</extension>
        <value>1.0-20230908.121009-1</value>
        <updated>20230908121009</updated>
      </snapshotVersion>
      <snapshotVersion>
        <classifier>2.14.3.Final</classifier>
        <extension>json</extension>
        <value>1.0-20230908.121009-1</value>
        <updated>20230908121009</updated>
      </snapshotVersion>
      <snapshotVersion>
        <classifier>2.15.0.CR1</classifier>
        <extension>json</extension>
        <value>1.0-20230908.121009-1</value>
        <updated>20230908121009</updated>
      </snapshotVersion>
      <snapshotVersion>
        <classifier>2.15.0.Final</classifier>
        <extension>json</extension>
        <value>1.0-20230908.121009-1</value>
        <updated>20230908121009</updated>
      </snapshotVersion>
      <snapshotVersion>
        <classifier>2.15.1.Final</classifier>
        <extension>json</extension>
        <value>1.0-20230908.121009-1</value>
        <updated>20230908121009</updated>
      </snapshotVersion>
      <snapshotVersion>
        <classifier>2.15.2.Final</classifier>
        <extension>json</extension>
        <value>1.0-20230908.121009-1</value>
        <updated>20230908121009</updated>
      </snapshotVersion>
      <snapshotVersion>
        <classifier>2.15.3.Final</classifier>
        <extension>json</extension>
        <value>1.0-20230908.121009-1</value>
        <updated>20230908121009</updated>
      </snapshotVersion>
      <snapshotVersion>
        <classifier>2.16.0.CR1</classifier>
        <extension>json</extension>
        <value>1.0-20230908.121009-1</value>
        <updated>20230908121009</updated>
      </snapshotVersion>
      <snapshotVersion>
        <classifier>2.16.0.Final</classifier>
        <extension>json</extension>
        <value>1.0-20230908.121009-1</value>
        <updated>20230908121009</updated>
      </snapshotVersion>
      <snapshotVersion>
        <classifier>2.16.1.Final</classifier>
        <extension>json</extension>
        <value>1.0-20230908.121009-1</value>
        <updated>20230908121009</updated>
      </snapshotVersion>
      <snapshotVersion>
        <classifier>2.16.2.Final</classifier>
        <extension>json</extension>
        <value>1.0-20230908.121009-1</value>
        <updated>20230908121009</updated>
      </snapshotVersion>
      <snapshotVersion>
        <classifier>2.16.3.Final</classifier>
        <extension>json</extension>
        <value>1.0-20230908.121009-1</value>
        <updated>20230908121009</updated>
      </snapshotVersion>
      <snapshotVersion>
        <classifier>2.16.4.Final</classifier>
        <extension>json</extension>
        <value>1.0-20230908.121009-1</value>
        <updated>20230908121009</updated>
      </snapshotVersion>
      <snapshotVersion>
        <classifier>2.16.5.Final</classifier>
        <extension>json</extension>
        <value>1.0-20230908.121009-1</value>
        <updated>20230908121009</updated>
      </snapshotVersion>
      <snapshotVersion>
        <classifier>2.16.6.Final</classifier>
        <extension>json</extension>
        <value>1.0-20230908.121009-1</value>
        <updated>20230908121009</updated>
      </snapshotVersion>
      <snapshotVersion>
        <classifier>2.16.7.Final</classifier>
        <extension>json</extension>
        <value>1.0-20230908.121009-1</value>
        <updated>20230908121009</updated>
      </snapshotVersion>
      <snapshotVersion>
        <classifier>2.16.8.Final</classifier>
        <extension>json</extension>
        <value>1.0-20230908.121009-1</value>
        <updated>20230908121009</updated>
      </snapshotVersion>
      <snapshotVersion>
        <classifier>2.16.9.Final</classifier>
        <extension>json</extension>
        <value>1.0-20230908.121009-1</value>
        <updated>20230908121009</updated>
      </snapshotVersion>
      <snapshotVersion>
        <classifier>2.16.10.Final</classifier>
        <extension>json</extension>
        <value>1.0-20230908.121009-1</value>
        <updated>20230908121009</updated>
      </snapshotVersion>
      <snapshotVersion>
        <classifier>3.0.0.Alpha1</classifier>
        <extension>json</extension>
        <value>1.0-20230908.121009-1</value>
        <updated>20230908121009</updated>
      </snapshotVersion>
      <snapshotVersion>
        <classifier>3.0.0.Alpha2</classifier>
        <extension>json</extension>
        <value>1.0-20230908.121009-1</value>
        <updated>20230908121009</updated>
      </snapshotVersion>
      <snapshotVersion>
        <classifier>3.0.0.Alpha3</classifier>
        <extension>json</extension>
        <value>1.0-20230908.121009-1</value>
        <updated>20230908121009</updated>
      </snapshotVersion>
      <snapshotVersion>
        <classifier>3.0.0.Alpha4</classifier>
        <extension>json</extension>
        <value>1.0-20230908.121009-1</value>
        <updated>20230908121009</updated>
      </snapshotVersion>
      <snapshotVersion>
        <classifier>3.0.0.Alpha5</classifier>
        <extension>json</extension>
        <value>1.0-20230908.121009-1</value>
        <updated>20230908121009</updated>
      </snapshotVersion>
      <snapshotVersion>
        <classifier>3.0.0.Alpha6</classifier>
        <extension>json</extension>
        <value>1.0-20230908.121009-1</value>
        <updated>20230908121009</updated>
      </snapshotVersion>
      <snapshotVersion>
        <classifier>3.0.0.Beta1</classifier>
        <extension>json</extension>
        <value>1.0-20230908.121009-1</value>
        <updated>20230908121009</updated>
      </snapshotVersion>
      <snapshotVersion>
        <classifier>3.0.0.CR1</classifier>
        <extension>json</extension>
        <value>1.0-20230908.121009-1</value>
        <updated>20230908121009</updated>
      </snapshotVersion>
      <snapshotVersion>
        <classifier>3.0.0.CR2</classifier>
        <extension>json</extension>
        <value>1.0-20230908.121009-1</value>
        <updated>20230908121009</updated>
      </snapshotVersion>
      <snapshotVersion>
        <classifier>3.0.1.Final</classifier>
        <extension>json</extension>
        <value>1.0-20230908.121009-1</value>
        <updated>20230908121009</updated>
      </snapshotVersion>
      <snapshotVersion>
        <classifier>3.0.2.Final</classifier>
        <extension>json</extension>
        <value>1.0-20230908.121009-1</value>
        <updated>20230908121009</updated>
      </snapshotVersion>
      <snapshotVersion>
        <classifier>3.0.3.Final</classifier>
        <extension>json</extension>
        <value>1.0-20230908.121009-1</value>
        <updated>20230908121009</updated>
      </snapshotVersion>
      <snapshotVersion>
        <classifier>3.0.4.Final</classifier>
        <extension>json</extension>
        <value>1.0-20230908.121009-1</value>
        <updated>20230908121009</updated>
      </snapshotVersion>
      <snapshotVersion>
        <classifier>3.1.0.CR1</classifier>
        <extension>json</extension>
        <value>1.0-20230908.121009-1</value>
        <updated>20230908121009</updated>
      </snapshotVersion>
      <snapshotVersion>
        <classifier>3.1.0.Final</classifier>
        <extension>json</extension>
        <value>1.0-20230908.121009-1</value>
        <updated>20230908121009</updated>
      </snapshotVersion>
      <snapshotVersion>
        <classifier>3.1.1.Final</classifier>
        <extension>json</extension>
        <value>1.0-20230908.121009-1</value>
        <updated>20230908121009</updated>
      </snapshotVersion>
      <snapshotVersion>
        <classifier>3.1.2.Final</classifier>
        <extension>json</extension>
        <value>1.0-20230908.121009-1</value>
        <updated>20230908121009</updated>
      </snapshotVersion>
      <snapshotVersion>
        <classifier>3.1.3.Final</classifier>
        <extension>json</extension>
        <value>1.0-20230908.121009-1</value>
        <updated>20230908121009</updated>
      </snapshotVersion>
      <snapshotVersion>
        <classifier>3.2.0.CR1</classifier>
        <extension>json</extension>
        <value>1.0-20230908.121009-1</value>
        <updated>20230908121009</updated>
      </snapshotVersion>
      <snapshotVersion>
        <classifier>3.2.0.Final</classifier>
        <extension>json</extension>
        <value>1.0-20230908.121009-1</value>
        <updated>20230908121009</updated>
      </snapshotVersion>
      <snapshotVersion>
        <classifier>3.2.1.Final</classifier>
        <extension>json</extension>
        <value>1.0-20230908.121009-1</value>
        <updated>20230908121009</updated>
      </snapshotVersion>
      <snapshotVersion>
        <classifier>3.2.2.Final</classifier>
        <extension>json</extension>
        <value>1.0-20230908.121009-1</value>
        <updated>20230908121009</updated>
      </snapshotVersion>
      <snapshotVersion>
        <classifier>3.2.3.Final</classifier>
        <extension>json</extension>
        <value>1.0-20230908.121009-1</value>
        <updated>20230908121009</updated>
      </snapshotVersion>
      <snapshotVersion>
        <classifier>3.2.4.Final</classifier>
        <extension>json</extension>
        <value>1.0-20230908.121009-1</value>
        <updated>20230908121009</updated>
      </snapshotVersion>
      <snapshotVersion>
        <classifier>3.2.5.Final</classifier>
        <extension>json</extension>
        <value>1.0-20230908.121009-1</value>
        <updated>20230908121009</updated>
      </snapshotVersion>
      <snapshotVersion>
        <classifier>3.3.0.CR1</classifier>
        <extension>json</extension>
        <value>1.0-20230908.121009-1</value>
        <updated>20230908121009</updated>
      </snapshotVersion>
      <snapshotVersion>
        <classifier>3.3.0</classifier>
        <extension>json</extension>
        <value>1.0-20230908.121009-1</value>
        <updated>20230908121009</updated>
      </snapshotVersion>
      <snapshotVersion>
        <classifier>3.3.1</classifier>
        <extension>json</extension>
        <value>1.0-20230908.121009-1</value>
        <updated>20230908121009</updated>
      </snapshotVersion>
      <snapshotVersion>
        <classifier>3.3.2</classifier>
        <extension>json</extension>
        <value>1.0-20230908.121009-1</value>
        <updated>20230908121009</updated>
      </snapshotVersion>
      <snapshotVersion>
        <classifier>3.4.0.CR1</classifier>
        <extension>json</extension>
        <value>1.0-20230908.121009-1</value>
        <updated>20230908121009</updated>
      </snapshotVersion>
      <snapshotVersion>
        <classifier>all</classifier>
        <extension>json</extension>
        <value>1.0-20230908.121009-1</value>
        <updated>20230908121009</updated>
      </snapshotVersion>
    </snapshotVersions>
  </versioning>
  <version>1.0-SNAPSHOT</version>
</metadata>
