{
  "id" : "io.quarkus.platform:quarkus-operator-sdk-bom-quarkus-platform-descriptor:2.16.9.Final:json:2.16.9.Final",
  "platform" : true,
  "bom" : "io.quarkus.platform:quarkus-operator-sdk-bom::pom:2.16.9.Final",
  "quarkus-core-version" : "2.16.9.Final",
  "extensions" : [ {
    "name" : "Quarkus - Operator SDK - OLM Bundle Generator",
    "description" : "OLM Bundle Generation for Java Operator SDK operators (https://javaoperatorsdk.io)",
    "metadata" : {
      "scm-url" : "https://github.com/quarkiverse/quarkus-operator-sdk",
      "built-with-quarkus-core" : "2.16.4.Final",
      "status" : "stable",
      "extension-dependencies" : [ "io.quarkiverse.operatorsdk:quarkus-operator-sdk", "io.quarkus:quarkus-arc", "io.quarkus:quarkus-openshift-client", "io.quarkus:quarkus-kubernetes-client", "io.quarkus:quarkus-jackson", "io.quarkus:quarkus-smallrye-health", "io.quarkus:quarkus-vertx-http", "io.quarkus:quarkus-mutiny", "io.quarkus:quarkus-smallrye-context-propagation", "io.quarkus:quarkus-vertx", "io.quarkus:quarkus-netty", "io.quarkus:quarkus-jsonp", "io.quarkus:quarkus-core", "io.quarkus:quarkus-kubernetes", "io.quarkus:quarkus-kubernetes-client-internal", "io.quarkus:quarkus-container-image" ],
      "keywords" : [ "operator", "kubernetes", "openshift", "olm", "csv", "bundle" ],
      "icon-url" : "https://avatars.githubusercontent.com/u/72702069?s=400&u=5909e0ba12991a5fcfe17c67ed4d46f84695d670&v=4",
      "categories" : [ "cloud", "kubernetes" ],
      "minimum-java-version" : "11"
    },
    "artifact" : "io.quarkiverse.operatorsdk:quarkus-operator-sdk-bundle-generator::jar:5.1.1",
    "origins" : [ "io.quarkus.platform:quarkus-operator-sdk-bom-quarkus-platform-descriptor:2.16.9.Final:json:2.16.9.Final" ]
  }, {
    "name" : "Quarkus - Operator SDK",
    "description" : "Quarkus extension easing the development of Kubernetes operators using the Java Operator SDK (https://javaoperatorsdk.io)",
    "metadata" : {
      "scm-url" : "https://github.com/quarkiverse/quarkus-operator-sdk",
      "built-with-quarkus-core" : "2.16.4.Final",
      "status" : "stable",
      "extension-dependencies" : [ "io.quarkus:quarkus-arc", "io.quarkus:quarkus-core", "io.quarkus:quarkus-openshift-client", "io.quarkus:quarkus-kubernetes-client", "io.quarkus:quarkus-jackson", "io.quarkus:quarkus-kubernetes", "io.quarkus:quarkus-kubernetes-client-internal", "io.quarkus:quarkus-container-image", "io.quarkus:quarkus-smallrye-health", "io.quarkus:quarkus-vertx-http", "io.quarkus:quarkus-mutiny", "io.quarkus:quarkus-smallrye-context-propagation", "io.quarkus:quarkus-vertx", "io.quarkus:quarkus-netty", "io.quarkus:quarkus-jsonp" ],
      "keywords" : [ "operator", "kubernetes", "openshift" ],
      "icon-url" : "https://avatars.githubusercontent.com/u/72702069?s=400&u=5909e0ba12991a5fcfe17c67ed4d46f84695d670&v=4",
      "categories" : [ "cloud", "kubernetes" ],
      "minimum-java-version" : "11"
    },
    "artifact" : "io.quarkiverse.operatorsdk:quarkus-operator-sdk::jar:5.1.1",
    "origins" : [ "io.quarkus.platform:quarkus-operator-sdk-bom-quarkus-platform-descriptor:2.16.9.Final:json:2.16.9.Final" ]
  } ],
  "categories" : [ {
    "id" : "integration",
    "name" : "Integration",
    "description" : "Connectors to read to write from a skew of systems (file, S#, Twitter, etc)",
    "metadata" : {
      "pinned" : [ "org.apache.camel.quarkus:camel-quarkus-core", "org.apache.camel.quarkus:camel-quarkus-core-xml" ]
    }
  }, {
    "id" : "business-automation",
    "name" : "Business Automation",
    "description" : "Rules engine, BPM, etc"
  } ],
  "metadata" : {
    "last-bom-update" : "io.quarkus.platform:quarkus-operator-sdk-bom:2.16.4.Final",
    "platform-release" : {
      "platform-key" : "io.quarkus.platform",
      "stream" : "2.16",
      "version" : "2.16.9.Final",
      "members" : [ "io.quarkus.platform:quarkus-bom-quarkus-platform-descriptor:2.16.9.Final:json:2.16.9.Final", "io.quarkus.platform:quarkus-drools-bom-quarkus-platform-descriptor:2.16.9.Final:json:2.16.9.Final", "io.quarkus.platform:quarkus-optaplanner-bom-quarkus-platform-descriptor:2.16.9.Final:json:2.16.9.Final", "io.quarkus.platform:quarkus-kogito-bom-quarkus-platform-descriptor:2.16.9.Final:json:2.16.9.Final", "io.quarkus.platform:quarkus-qpid-jms-bom-quarkus-platform-descriptor:2.16.9.Final:json:2.16.9.Final", "io.quarkus.platform:quarkus-cassandra-bom-quarkus-platform-descriptor:2.16.9.Final:json:2.16.9.Final", "io.quarkus.platform:quarkus-amazon-services-bom-quarkus-platform-descriptor:2.16.9.Final:json:2.16.9.Final", "io.quarkus.platform:quarkus-camel-bom-quarkus-platform-descriptor:2.16.9.Final:json:2.16.9.Final", "io.quarkus.platform:quarkus-hazelcast-client-quarkus-platform-descriptor:2.16.9.Final:json:2.16.9.Final", "io.quarkus.platform:quarkus-debezium-bom-quarkus-platform-descriptor:2.16.9.Final:json:2.16.9.Final", "io.quarkus.platform:quarkus-blaze-persistence-bom-quarkus-platform-descriptor:2.16.9.Final:json:2.16.9.Final", "io.quarkus.platform:quarkus-google-cloud-services-bom-quarkus-platform-descriptor:2.16.9.Final:json:2.16.9.Final", "io.quarkus.platform:quarkus-operator-sdk-bom-quarkus-platform-descriptor:2.16.9.Final:json:2.16.9.Final" ]
    }
  }
}