{
  "id" : "io.quarkus.platform:quarkus-optaplanner-bom-quarkus-platform-descriptor:2.16.10.Final:json:2.16.10.Final",
  "platform" : true,
  "bom" : "io.quarkus.platform:quarkus-optaplanner-bom::pom:2.16.10.Final",
  "quarkus-core-version" : "2.16.10.Final",
  "extensions" : [ {
    "name" : "OptaPlanner benchmark",
    "description" : "Benchmark an OptaPlanner project to power tweak the solver configuration for speed and scalability.",
    "metadata" : {
      "capabilities" : {
        "provides" : [ "org.optaplanner.optaplanner-quarkus-benchmark" ]
      },
      "status" : "stable",
      "built-with-quarkus-core" : "2.16.7.Final",
      "minimum-java-version" : "11",
      "categories" : [ "business-automation" ],
      "guide" : "https://quarkus.io/guides/optaplanner",
      "keywords" : [ "optaplanner", "benchmark", "performance", "scaling", "tweaking" ],
      "extension-dependencies" : [ "io.quarkus:quarkus-core", "io.quarkus:quarkus-arc", "org.optaplanner:optaplanner-quarkus", "io.quarkus:quarkus-awt" ]
    },
    "artifact" : "org.optaplanner:optaplanner-quarkus-benchmark::jar:8.42.0.Final",
    "origins" : [ "io.quarkus.platform:quarkus-optaplanner-bom-quarkus-platform-descriptor:2.16.10.Final:json:2.16.10.Final" ]
  }, {
    "name" : "OptaPlanner Jackson",
    "description" : "Activate Jackson bindings for OptaPlanner's Score classes",
    "metadata" : {
      "status" : "stable",
      "keywords" : [ "optaplanner", "jackson", "json" ],
      "capabilities" : {
        "provides" : [ "org.optaplanner.optaplanner-quarkus-jackson" ]
      },
      "built-with-quarkus-core" : "2.16.7.Final",
      "minimum-java-version" : "11",
      "categories" : [ "business-automation", "serialization" ],
      "extension-dependencies" : [ "io.quarkus:quarkus-jackson", "io.quarkus:quarkus-arc", "io.quarkus:quarkus-core" ]
    },
    "artifact" : "org.optaplanner:optaplanner-quarkus-jackson::jar:8.42.0.Final",
    "origins" : [ "io.quarkus.platform:quarkus-optaplanner-bom-quarkus-platform-descriptor:2.16.10.Final:json:2.16.10.Final" ]
  }, {
    "name" : "OptaPlanner JSON-B",
    "description" : "Activate JSON-B bindings for OptaPlanner's Score classes",
    "metadata" : {
      "status" : "stable",
      "keywords" : [ "optaplanner", "jsonb", "json-b", "json" ],
      "capabilities" : {
        "provides" : [ "org.optaplanner.optaplanner-quarkus-jsonb" ]
      },
      "built-with-quarkus-core" : "2.16.7.Final",
      "minimum-java-version" : "11",
      "categories" : [ "business-automation", "serialization" ],
      "extension-dependencies" : [ "io.quarkus:quarkus-jsonb", "io.quarkus:quarkus-core", "io.quarkus:quarkus-arc", "io.quarkus:quarkus-jsonp" ]
    },
    "artifact" : "org.optaplanner:optaplanner-quarkus-jsonb::jar:8.42.0.Final",
    "origins" : [ "io.quarkus.platform:quarkus-optaplanner-bom-quarkus-platform-descriptor:2.16.10.Final:json:2.16.10.Final" ]
  }, {
    "name" : "OptaPlanner",
    "description" : "Solve planning and scheduling with AI constraint optimization of vehicle routes, employee rosters, maintenance, tasks, lessons, conferences, ...",
    "metadata" : {
      "capabilities" : {
        "provides" : [ "org.optaplanner.optaplanner-quarkus" ]
      },
      "status" : "stable",
      "built-with-quarkus-core" : "2.16.7.Final",
      "minimum-java-version" : "11",
      "categories" : [ "business-automation" ],
      "guide" : "https://quarkus.io/guides/optaplanner",
      "keywords" : [ "optaplanner", "constraint-solver", "artificial-intelligence", "employee-rostering", "vehicle-routing-problem", "maintenance-scheduling", "timetabling" ],
      "extension-dependencies" : [ "io.quarkus:quarkus-core", "io.quarkus:quarkus-arc" ]
    },
    "artifact" : "org.optaplanner:optaplanner-quarkus::jar:8.42.0.Final",
    "origins" : [ "io.quarkus.platform:quarkus-optaplanner-bom-quarkus-platform-descriptor:2.16.10.Final:json:2.16.10.Final" ]
  } ],
  "categories" : [ {
    "id" : "integration",
    "name" : "Integration",
    "description" : "Connectors to read to write from a skew of systems (file, S#, Twitter, etc)",
    "metadata" : {
      "pinned" : [ "org.apache.camel.quarkus:camel-quarkus-core", "org.apache.camel.quarkus:camel-quarkus-core-xml" ]
    }
  }, {
    "id" : "business-automation",
    "name" : "Business Automation",
    "description" : "Rules engine, BPM, etc"
  } ],
  "metadata" : {
    "last-bom-update" : "io.quarkus.platform:quarkus-optaplanner-bom:2.16.10.Final",
    "platform-release" : {
      "platform-key" : "io.quarkus.platform",
      "stream" : "2.16",
      "version" : "2.16.10.Final",
      "members" : [ "io.quarkus.platform:quarkus-bom-quarkus-platform-descriptor:2.16.10.Final:json:2.16.10.Final", "io.quarkus.platform:quarkus-drools-bom-quarkus-platform-descriptor:2.16.10.Final:json:2.16.10.Final", "io.quarkus.platform:quarkus-optaplanner-bom-quarkus-platform-descriptor:2.16.10.Final:json:2.16.10.Final", "io.quarkus.platform:quarkus-kogito-bom-quarkus-platform-descriptor:2.16.10.Final:json:2.16.10.Final", "io.quarkus.platform:quarkus-qpid-jms-bom-quarkus-platform-descriptor:2.16.10.Final:json:2.16.10.Final", "io.quarkus.platform:quarkus-cassandra-bom-quarkus-platform-descriptor:2.16.10.Final:json:2.16.10.Final", "io.quarkus.platform:quarkus-amazon-services-bom-quarkus-platform-descriptor:2.16.10.Final:json:2.16.10.Final", "io.quarkus.platform:quarkus-camel-bom-quarkus-platform-descriptor:2.16.10.Final:json:2.16.10.Final", "io.quarkus.platform:quarkus-hazelcast-client-quarkus-platform-descriptor:2.16.10.Final:json:2.16.10.Final", "io.quarkus.platform:quarkus-debezium-bom-quarkus-platform-descriptor:2.16.10.Final:json:2.16.10.Final", "io.quarkus.platform:quarkus-blaze-persistence-bom-quarkus-platform-descriptor:2.16.10.Final:json:2.16.10.Final", "io.quarkus.platform:quarkus-google-cloud-services-bom-quarkus-platform-descriptor:2.16.10.Final:json:2.16.10.Final", "io.quarkus.platform:quarkus-operator-sdk-bom-quarkus-platform-descriptor:2.16.10.Final:json:2.16.10.Final" ]
    }
  }
}